company_type,company_field,company_id,city_new,job_id,job_type,salary_bottom,salary_top,year_normal,job_created_year,job_created_month
Другое,Другое,NA,Москва и МО,4002,Молекулярный биолог,50000,80000,2022,2022,3
НИИ/Университет,Медицина,1,Москва и МО,4043,Биоинформатик,60000,150000,2022,2022,3
Мед. учреждение,Медицина,2,Москва и МО,4041,Лаборант,45000,55000,2022,2022,3
Мед. учреждение,Медицина,2,Москва и МО,4039,Научный сотрудник,60000,70000,2022,2022,3
НИИ/Университет,Медицина,3,Санкт-Петербург,4036,Биотехнолог,60000,120000,2022,2022,3
НИИ/Университет,Медицина,3,Санкт-Петербург,4035,Менеджер по регистрации,50000,70000,2022,2022,3
Другое,Биоинформатика,NA,Москва и МО,4034,Биоинформатик,80000,150000,2022,2022,3
Poc. компания 10-100,Биотехнологии,4,Москва и МО,4030,Молекулярный биолог,70000,100000,2022,2022,3
НИИ/Университет,Генная инженерия/Молбиол и др,5,Москва и МО,4028,Молекулярный биолог,50000,100000,2022,2022,3
Рос. компания > 100,Агрономия и пищевая промышленность,6,Москва и МО,4026,Биоинформатик,130000,130000,2022,2022,3
НИИ/Университет,Генная инженерия/Молбиол и др,7,Москва и МО,4025,Лабораторный менеджер,40000,60000,2022,2022,3
Рос. компания > 100,Медицина,8,Москва и МО,4024,Биоинформатик,60000,120000,2022,2022,3
НИИ/Университет,Медицина,1,Москва и МО,4022,Лабораторный менеджер,60000,80000,2022,2022,3
Рос. компания > 100,Агрономия и пищевая промышленность,6,Москва и МО,4021,Менеджер по продажам,100000,160000,2022,2022,3
НИИ/Университет,Медицина,1,Москва и МО,4020,Научный сотрудник,70000,100000,2022,2022,3
НИИ/Университет,Генная инженерия/Молбиол и др,NA,Москва и МО,4016,Научный сотрудник,65000,65000,2022,2022,3
НИИ/Университет,Медицина,9,Москва и МО,4015,Научный сотрудник,85000,100000,2022,2022,3
Мед. учреждение,Медицина,10,Москва и МО,4003,Научный сотрудник,80000,130000,2022,2022,3
Poc. компания 10-100,Медицина,11,Москва и МО,4001,Менеджер проектов/продукта,180000,200000,2022,2022,3
Рос. компания > 100,Биотехнологии,12,Москва и МО,3999,Биотехнолог,60000,70000,2022,2022,3
Рос. компания > 100,Биотехнологии,12,Москва и МО,3998,Менеджер по регистрации,80000,100000,2022,2022,3
Poc. компания 10-100,Ветеринария,13,Москва и МО,4050,Менеджер по продажам,80000,120000,2022,2022,4
НИИ/Университет,Медицина,14,Москва и МО,4115,Менеджер проектов/продукта,100000,150000,2022,2022,4
Poc. компания 10-100,Медицина,15,Москва и МО,4113,Менеджер по продажам,30000,60000,2022,2022,4
Рос. компания > 100,Фармакология,16,Другие города,4112,Биотехнолог,100000,200000,2022,2022,4
НИИ/Университет,Биоинформатика,17,Москва и МО,4106,Лаборант,12000,30000,2022,2022,4
НИИ/Университет,Генная инженерия/Молбиол и др,NA,Москва и МО,4105,Научный сотрудник,12000,30000,2022,2022,4
Рос. компания > 100,Фармакология,18,Москва и МО,4104,Менеджер проектов/продукта,70000,1000000,2022,2022,4
Рос. компания > 100,Фармакология,18,Москва и МО,4102,Менеджер по продажам,70000,100000,2022,2022,4
НИИ/Университет,Медицина,19,Москва и МО,4101,Научный сотрудник,40000,80000,2022,2022,4
НИИ/Университет,Биоинформатика,20,Москва и МО,4099,Биоинформатик,80000,200000,2022,2022,4
Poc. компания 10-100,Медицина,11,Москва и МО,4097,Биоинформатик,70000,100000,2022,2022,4
НИИ/Университет,Биоинформатика,21,Москва и МО,4096,Лабораторный менеджер,70000,90000,2022,2022,4
НИИ/Университет,Медицина,NA,Москва и МО,4094,Научный сотрудник,70000,70000,2022,2022,4
НИИ/Университет,Генная инженерия/Молбиол и др,22,Москва и МО,4093,Молекулярный биолог,50000,70000,2022,2022,4
НИИ/Университет,Генная инженерия/Молбиол и др,22,Москва и МО,4092,Молекулярный биолог,50000,70000,2022,2022,4
НИИ/Университет,Медицина,23,Москва и МО,4086,Врач,30000,60000,2022,2022,4
НИИ/Университет,Генная инженерия/Молбиол и др,23,Москва и МО,4085,Научный сотрудник,40000,80000,2022,2022,4
НИИ/Университет,Генная инженерия/Молбиол и др,23,Москва и МО,4084,Научный сотрудник,40000,80000,2022,2022,4
Poc. компания 10-100,Другое,24,Москва и МО,4083,Менеджер проектов/продукта,150000,200000,2022,2022,4
НИИ/Университет,Биотехнологии,25,Москва и МО,4081,Молекулярный биолог,70000,100000,2022,2022,4
НИИ/Университет,Медицина,26,Москва и МО,4080,Молекулярный биолог,80000,130000,2022,2022,4
НИИ/Университет,Медицина,27,Санкт-Петербург,4075,Научный сотрудник,60000,80000,2022,2022,4
НИИ/Университет,Генная инженерия/Молбиол и др,28,Москва и МО,4074,Биоинформатик,30000,100000,2022,2022,4
НИИ/Университет,Генная инженерия/Молбиол и др,29,Москва и МО,4071,Научный сотрудник,50000,70000,2022,2022,4
НИИ/Университет,Биоинформатика,30,Москва и МО,4066,Биоинформатик,80000,100000,2022,2022,4
НИИ/Университет,Медицина,31,Санкт-Петербург,4064,Научный сотрудник,40000,90000,2022,2022,4
Рос. компания > 100,Фармакология,32,Санкт-Петербург,4063,Биотехнолог,70000,100000,2022,2022,4
Рос. компания > 100,Фармакология,32,Санкт-Петербург,4062,Биотехнолог,70000,100000,2022,2022,4
Рос. компания > 100,Фармакология,32,Санкт-Петербург,4059,Научный сотрудник,70000,100000,2022,2022,4
Рос. компания > 100,Агрономия и пищевая промышленность,6,Москва и МО,4058,Лаборант,72000,72000,2022,2022,4
Рос. компания > 100,Фармакология,32,Санкт-Петербург,4057,Научный сотрудник,70000,100000,2022,2022,4
НИИ/Университет,Медицина,33,Москва и МО,4053,Научный сотрудник,130000,150000,2022,2022,4
Poc. компания 10-100,Медицина,11,Москва и МО,4047,Биоинформатик,100000,140000,2022,2022,4
Poc. компания 10-100,Медицина,11,Москва и МО,4046,Биоинформатик,70000,100000,2022,2022,4
НИИ/Университет,Биотехнологии,25,Москва и МО,4045,Молекулярный биолог,70000,100000,2022,2022,4
НИИ/Университет,Биотехнологии,34,Москва и МО,4191,Научный сотрудник,100000,200000,2022,2022,5
Мед. учреждение,Медицина,2,Москва и МО,4189,Научный сотрудник,50000,150000,2022,2022,5
НИИ/Университет,Агрономия и пищевая промышленность,35,Санкт-Петербург,4187,Биоинформатик,75000,120000,2022,2022,5
НИИ/Университет,Медицина,1,Москва и МО,4185,Лабораторный менеджер,70000,90000,2022,2022,5
НИИ/Университет,Медицина,19,Москва и МО,4184,Научный сотрудник,40000,80000,2022,2022,5
НИИ/Университет,Медицина,36,Москва и МО,4178,Научный сотрудник,30000,60000,2022,2022,5
НИИ/Университет,Генная инженерия/Молбиол и др,7,Москва и МО,4177,Лаборант,40000,80000,2022,2022,5
НИИ/Университет,Медицина,19,Москва и МО,4172,Научный сотрудник,40000,60000,2022,2022,5
НИИ/Университет,Фармакология,37,Санкт-Петербург,4171,Аналитик данных,65000,80000,2022,2022,5
НИИ/Университет,Фармакология,3,Санкт-Петербург,4170,Научный сотрудник,85000,200000,2022,2022,5
Рос. компания > 100,Биотехнологии,38,Москва и МО,4169,Научный сотрудник,106000,106000,2022,2022,5
Рос. компания > 100,Биотехнологии,38,Санкт-Петербург,4168,Научный сотрудник,150000,150000,2022,2022,5
Рос. компания > 100,Биотехнологии,38,Санкт-Петербург,4167,Научный сотрудник,150000,150000,2022,2022,5
Poc. компания 10-100,Биоинформатика,39,Москва и МО,4166,Молекулярный биолог,70000,70000,2022,2022,5
Poc. компания 10-100,Медицина,40,Москва и МО,4164,Биоинформатик,100000,160000,2022,2022,5
НИИ/Университет,Медицина,41,Москва и МО,4163,Научный сотрудник,25000,70000,2022,2022,5
НИИ/Университет,Медицина,41,Москва и МО,4162,Научный сотрудник,50000,90000,2022,2022,5
Рос. компания > 100,Агрономия и пищевая промышленность,6,Москва и МО,4160,Лаборант,72000,72000,2022,2022,5
Poc. компания 10-100,Биоинформатика,42,Москва и МО,4158,Биоинформатик,150000,200000,2022,2022,5
Poc. компания 10-100,Биоинформатика,39,Москва и МО,4156,Научный сотрудник,70000,100000,2022,2022,5
НИИ/Университет,Медицина,43,Москва и МО,4154,Молекулярный биолог,90000,160000,2022,2022,5
НИИ/Университет,Медицина,44,Москва и МО,4152,Биоинформатик,100000,150000,2022,2022,5
Мед. учреждение,Медицина,45,Москва и МО,4151,Врач,130000,130000,2022,2022,5
Другое,Другое,46,Москва и МО,4150,Научный сотрудник,200000,350000,2022,2022,5
НИИ/Университет,Генная инженерия/Молбиол и др,NA,Москва и МО,3961,Лаборант,40000,50000,2022,2022,5
НИИ/Университет,Биотехнологии,47,Москва и МО,4144,Научный сотрудник,100000,200000,2022,2022,5
Рос. компания > 100,Агрономия и пищевая промышленность,6,Москва и МО,4139,Научный сотрудник,72000,72000,2022,2022,5
НИИ/Университет,Медицина,48,Москва и МО,4133,Научный сотрудник,50000,70000,2022,2022,5
НИИ/Университет,Генная инженерия/Молбиол и др,49,Москва и МО,4132,Научный сотрудник,100000,150000,2022,2022,5
НИИ/Университет,Фармакология,3,Санкт-Петербург,4125,Научный сотрудник,50000,90000,2022,2022,5
НИИ/Университет,Биоинформатика,50,Москва и МО,4124,Научный сотрудник,70000,80000,2022,2022,5
Poc. компания 10-100,Медицина,11,Москва и МО,4123,Биоинформатик,70000,100000,2022,2022,5
Poc. компания 10-100,Медицина,51,Москва и МО,4121,Лаборант,200000,300000,2022,2022,5
Poc. компания 10-100,Медицина,51,Москва и МО,4120,Научный сотрудник,200000,300000,2022,2022,5
Рос. компания > 100,Фармакология,16,Другие города,4116,Биотехнолог,100000,200000,2022,2022,5
Другое,Медицина,52,Другие города,3915,Биоинформатик,80000,120000,2022,2022,6
НИИ/Университет,Медицина,36,Москва и МО,4249,Научный сотрудник,30000,75000,2022,2022,6
Клиническая лаборатория,Медицина,53,Москва и МО,4247,Научный сотрудник,80000,50000,2022,2022,6
Клиническая лаборатория,Медицина,53,Москва и МО,4246,Менеджер по регистрации,80000,120000,2022,2022,6
Рос. компания > 100,Фармакология,32,Санкт-Петербург,4245,Научный сотрудник,75000,80000,2022,2022,6
НИИ/Университет,Фармакология,3,Санкт-Петербург,4244,Менеджер по регистрации,60000,65000,2022,2022,6
Рос. компания > 100,Фармакология,54,Другие города,4242,Химик,50000,70000,2022,2022,6
Рос. компания > 100,Агрономия и пищевая промышленность,6,Москва и МО,4233,Аналитик данных,70000,70000,2022,2022,6
Мед. учреждение,Медицина,2,Москва и МО,4232,Аналитик данных,50000,150000,2022,2022,6
НИИ/Университет,Медицина,55,Москва и МО,4230,Биоинформатик,50000,150000,2022,2022,6
НИИ/Университет,Генная инженерия/Молбиол и др,56,Москва и МО,4228,Микробиолог,40000,70000,2022,2022,6
Другое,Фармакология,57,Москва и МО,4227,Биотехнолог,70000,130000,2022,2022,6
НИИ/Университет,Медицина,41,Москва и МО,4226,Научный сотрудник,50000,90000,2022,2022,6
НИИ/Университет,Медицина,41,Москва и МО,4225,Научный сотрудник,30000,70000,2022,2022,6
Poc. компания 10-100,Биотехнологии,58,Москва и МО,4218,Молекулярный биолог,90000,90000,2022,2022,6
НИИ/Университет,Медицина,3,Санкт-Петербург,4217,Аналитик данных,70000,100000,2022,2022,6
НИИ/Университет,Медицина,3,Санкт-Петербург,4216,Химик,50000,55000,2022,2022,6
Рос. компания > 100,Фармакология,54,Другие города,4214,Научный сотрудник,150000,180000,2022,2022,6
Poc. компания 10-100,Ветеринария,13,Москва и МО,4213,Менеджер по продажам,60000,70000,2022,2022,6
НИИ/Университет,Биоинформатика,59,Москва и МО,4212,Научный сотрудник,65000,165000,2022,2022,6
НИИ/Университет,Генная инженерия/Молбиол и др,60,Москва и МО,4211,Биоинформатик,80000,300000,2022,2022,6
Poc. компания 10-100,Фармакология,61,Москва и МО,4207,Менеджер проектов/продукта,70000,150000,2022,2022,6
Poc. компания 10-100,Фармакология,61,Москва и МО,4206,Менеджер по регистрации,80000,120000,2022,2022,6
Poc. компания 10-100,Фармакология,61,Москва и МО,4205,Менеджер по регистрации,100000,150000,2022,2022,6
Мед. учреждение,Медицина,45,Москва и МО,4204,Врач,130000,130000,2022,2022,6
НИИ/Университет,Генная инженерия/Молбиол и др,62,Москва и МО,4203,Молекулярный биолог,60000,80000,2022,2022,6
Poc. компания 10-100,Биотехнологии,63,Москва и МО,4200,Лаборант,40000,80000,2022,2022,6
Poc. компания 10-100,Биотехнологии,63,Москва и МО,4199,Биотехнолог,70000,120000,2022,2022,6
Poc. компания 10-100,Биотехнологии,63,Москва и МО,4198,Биотехнолог,120000,200000,2022,2022,6
НИИ/Университет,Медицина,36,Москва и МО,4197,Молекулярный биолог,30000,75000,2022,2022,6
Poc. компания 10-100,Химия,64,Москва и МО,4194,Аналитик данных,50000,100000,2022,2022,6
Другое,Другое,65,Москва и МО,4290,Научный сотрудник,100000,130000,2022,2022,7
НИИ/Университет,Генная инженерия/Молбиол и др,66,Москва и МО,4288,Научный сотрудник,50000,100000,2022,2022,7
Poc. компания 10-100,Биотехнологии,67,Москва и МО,4285,Лаборант,65000,90000,2022,2022,7
НИИ/Университет,Генная инженерия/Молбиол и др,68,Москва и МО,4284,Биотехнолог,80000,100000,2022,2022,7
НИИ/Университет,Биоинформатика,69,Москва и МО,4280,Биоинформатик,300000,380000,2022,2022,7
НИИ/Университет,Генная инженерия/Молбиол и др,70,Москва и МО,4275,Биоинформатик,60000,80000,2022,2022,7
Рос. компания > 100,Фармакология,54,Другие города,4274,Химик,60000,80000,2022,2022,7
Poc. компания < 10/стартап,Образование,71,Москва и МО,3874,Менеджер по продажам,80000,150000,2022,2022,7
Другое,Медицина,NA,Москва и МО,4270,"Администратор, ассистент",50000,100000,2022,2022,7
НИИ/Университет,Фармакология,3,Санкт-Петербург,4266,Химик,42000,49000,2022,2022,7
НИИ/Университет,Фармакология,3,Санкт-Петербург,4263,Аналитик данных,100000,100000,2022,2022,7
НИИ/Университет,Генная инженерия/Молбиол и др,72,Москва и МО,4262,Научный сотрудник,40000,145000,2022,2022,7
НИИ/Университет,Биотехнологии,73,Москва и МО,4261,Руководитель группы/отдела/лаборатории,100000,200000,2022,2022,7
Poc. компания < 10/стартап,Агрономия и пищевая промышленность,74,Москва и МО,4260,Молекулярный биолог,80000,130000,2022,2022,7
Poc. компания < 10/стартап,Агрономия и пищевая промышленность,74,Москва и МО,4259,Молекулярный биолог,80000,130000,2022,2022,7
Poc. компания < 10/стартап,Агрономия и пищевая промышленность,74,Москва и МО,4258,Биоинформатик,80000,130000,2022,2022,7
Poc. компания 10-100,Генная инженерия/Молбиол и др,75,Москва и МО,4257,Научный сотрудник,50000,80000,2022,2022,7
Мед. учреждение,Медицина,45,Москва и МО,4254,Врач,130000,130000,2022,2022,7
Мед. учреждение,Медицина,2,Москва и МО,4302,Биотехнолог,60000,80000,2022,2022,8
НИИ/Университет,Фармакология,3,Санкт-Петербург,4363,Биотехнолог,80000,160000,2022,2022,8
НИИ/Университет,Фармакология,3,Санкт-Петербург,4362,Молекулярный биолог,55000,55000,2022,2022,8
НИИ/Университет,Медицина,1,Москва и МО,4360,Руководитель группы/отдела/лаборатории,200000,250000,2022,2022,8
НИИ/Университет,Биоинформатика,76,Москва и МО,4357,Научный сотрудник,70000,70000,2022,2022,8
Клиническая лаборатория,Медицина,77,Москва и МО,4356,Молекулярный биолог,90000,100000,2022,2022,8
Клиническая лаборатория,Медицина,77,Москва и МО,4355,Менеджер по продажам,100000,300000,2022,2022,8
Рос. компания > 100,Фармакология,54,Москва и МО,4350,Биотехнолог,150000,180000,2022,2022,8
Другое,Другое,65,Санкт-Петербург,4348,Биоинформатик,70000,90000,2022,2022,8
Poc. компания 10-100,Биотехнологии,67,Москва и МО,4347,Лаборант,65000,100000,2022,2022,8
НИИ/Университет,Медицина,41,Москва и МО,4346,Научный сотрудник,50000,90000,2022,2022,8
НИИ/Университет,Биоинформатика,78,Москва и МО,4344,Молекулярный биолог,40000,90000,2022,2022,8
НИИ/Университет,Биотехнологии,44,Москва и МО,4342,Биотехнолог,100000,200000,2022,2022,8
НИИ/Университет,Биоинформатика,78,Москва и МО,4341,Молекулярный биолог,80000,150000,2022,2022,8
НИИ/Университет,Биоинформатика,78,Москва и МО,4339,Лабораторный менеджер,80000,80000,2022,2022,8
Рос. компания > 100,Фармакология,54,Другие города,4338,Научный сотрудник,100000,130000,2022,2022,8
Рос. компания > 100,Фармакология,54,Другие города,4336,Научный сотрудник,100000,130000,2022,2022,8
Рос. компания > 100,Фармакология,54,Другие города,4335,Биотехнолог,85000,110000,2022,2022,8
Poc. компания 10-100,Ветеринария,13,Москва и МО,4334,Биоинформатик,50000,100000,2022,2022,8
Другое,Другое,65,Москва и МО,4332,"Администратор, ассистент",120000,130000,2022,2022,8
НИИ/Университет,Биоинформатика,69,Москва и МО,4331,Биоинформатик,150000,280000,2022,2022,8
НИИ/Университет,Биотехнологии,79,Другие города,4330,Научный сотрудник,50000,100000,2022,2022,8
НИИ/Университет,Генная инженерия/Молбиол и др,80,Москва и МО,4328,Лаборант,60000,90000,2022,2022,8
Poc. компания < 10/стартап,Агрономия и пищевая промышленность,74,Москва и МО,4326,Молекулярный биолог,80000,130000,2022,2022,8
Poc. компания < 10/стартап,Агрономия и пищевая промышленность,74,Москва и МО,4325,Микробиолог,80000,110000,2022,2022,8
Poc. компания < 10/стартап,Образование,71,Москва и МО,4320,Менеджер по продажам,30000,40000,2022,2022,8
НИИ/Университет,Медицина,19,Москва и МО,4318,Научный сотрудник,80000,90000,2022,2022,8
Другое,Другое,65,Санкт-Петербург,4317,Биотехнолог,70000,90000,2022,2022,8
Другое,Другое,65,Санкт-Петербург,4316,Биоинформатик,70000,90000,2022,2022,8
НИИ/Университет,Генная инженерия/Молбиол и др,62,Москва и МО,4314,Молекулярный биолог,60000,80000,2022,2022,8
НИИ/Университет,Фармакология,3,Санкт-Петербург,4312,Биотехнолог,70000,150000,2022,2022,8
НИИ/Университет,Фармакология,3,Санкт-Петербург,4311,Биотехнолог,70000,150000,2022,2022,8
НИИ/Университет,Генная инженерия/Молбиол и др,81,Москва и МО,4310,Научный сотрудник,90000,100000,2022,2022,8
НИИ/Университет,Медицина,82,Москва и МО,4308,Микробиолог,40000,90000,2022,2022,8
НИИ/Университет,Фармакология,3,Санкт-Петербург,4303,Менеджер по регистрации,60000,80000,2022,2022,8
Poc. компания 10-100,Биотехнологии,58,Москва и МО,4297,Молекулярный биолог,80000,80000,2022,2022,8
Другое,Другое,65,Санкт-Петербург,4296,Биоинформатик,70000,90000,2022,2022,8
Другое,Другое,65,Санкт-Петербург,4295,Биотехнолог,70000,90000,2022,2022,8
НИИ/Университет,Генная инженерия/Молбиол и др,56,Москва и МО,4294,Микробиолог,40000,70000,2022,2022,8
Мед. учреждение,Медицина,45,Москва и МО,4293,Врач,130000,130000,2022,2022,8
НИИ/Университет,Медицина,33,Москва и МО,4412,Научный сотрудник,130000,150000,2022,2022,9
НИИ/Университет,Медицина,33,Москва и МО,4411,Научный сотрудник,130000,150000,2022,2022,9
НИИ/Университет,Медицина,31,Санкт-Петербург,4409,Научный сотрудник,50000,150000,2022,2022,9
НИИ/Университет,Медицина,NA,Москва и МО,4405,Лаборант,50000,80000,2022,2022,9
Рос. компания > 100,Биотехнологии,12,Москва и МО,4404,Менеджер по регистрации,80000,110000,2022,2022,9
НИИ/Университет,Медицина,83,Москва и МО,4400,"Администратор, ассистент",40000,50000,2022,2022,9
Другое,Другое,65,Санкт-Петербург,4399,Научный сотрудник,45000,60000,2022,2022,9
Другое,Другое,65,Санкт-Петербург,4398,Менеджер проектов/продукта,70000,90000,2022,2022,9
Клиническая лаборатория,Медицина,77,Москва и МО,4397,Менеджер по продажам,80000,200000,2022,2022,9
НИИ/Университет,Медицина,84,Москва и МО,4396,Научный сотрудник,50000,50000,2022,2022,9
НИИ/Университет,Биоинформатика,78,Москва и МО,4394,Научный сотрудник,80000,100000,2022,2022,9
НИИ/Университет,Медицина,85,Москва и МО,4389,Лаборант,60000,80000,2022,2022,9
НИИ/Университет,Медицина,85,Москва и МО,4387,Молекулярный биолог,100000,200000,2022,2022,9
НИИ/Университет,Медицина,85,Москва и МО,4385,Аналитик данных,80000,200000,2022,2022,9
НИИ/Университет,Медицина,85,Москва и МО,4384,Микробиолог,100000,200000,2022,2022,9
НИИ/Университет,Медицина,82,Москва и МО,4382,Молекулярный биолог,50000,90000,2022,2022,9
Другое,Другое,65,Москва и МО,4381,Менеджер по регистрации,70000,80000,2022,2022,9
НИИ/Университет,Биоинформатика,78,Москва и МО,4380,Лабораторный менеджер,80000,150000,2022,2022,9
Мед. учреждение,Медицина,45,Москва и МО,4378,Врач,130000,130000,2022,2022,9
НИИ/Университет,Биоинформатика,69,Москва и МО,4377,Лабораторный менеджер,200000,280000,2022,2022,9
НИИ/Университет,Биоинформатика,69,Москва и МО,4376,Научный сотрудник,150000,280000,2022,2022,9
НИИ/Университет,Медицина,86,Москва и МО,4375,Научный сотрудник,50000,70000,2022,2022,9
Мед. учреждение,Медицина,NA,Москва и МО,4373,Лаборант,30000,100000,2022,2022,9
Другое,Другое,NA,Москва и МО,4371,IT,70000,120000,2022,2022,9
Клиническая лаборатория,Медицина,77,Москва и МО,4370,Менеджер проектов/продукта,100000,200000,2022,2022,9
Клиническая лаборатория,Медицина,77,Москва и МО,4369,Научный сотрудник,200000,300000,2022,2022,9
НИИ/Университет,Генная инженерия/Молбиол и др,87,Москва и МО,4368,Молекулярный биолог,70000,80000,2022,2022,9
Poc. компания 10-100,Биотехнологии,58,Москва и МО,4367,Лаборант,70000,70000,2022,2022,9
Рос. компания > 100,Агрономия и пищевая промышленность,88,Другие города,4365,Биотехнолог,60000,70000,2022,2022,9
НИИ/Университет,Генная инженерия/Молбиол и др,89,Москва и МО,4364,Молекулярный биолог,40000,50000,2022,2022,9
НИИ/Университет,Медицина,69,Москва и МО,4471,Научный сотрудник,150000,280000,2022,2022,10
НИИ/Университет,Медицина,90,Санкт-Петербург,4468,Научный сотрудник,30000,30000,2022,2022,10
Poc. компания < 10/стартап,Образование,71,Москва и МО,4467,Менеджер по продажам,100000,120000,2022,2022,10
Рос. компания > 100,Фармакология,54,Другие города,4461,Биотехнолог,140000,160000,2022,2022,10
Рос. компания > 100,Фармакология,54,Другие города,4460,Химик,90000,110000,2022,2022,10
Рос. компания > 100,Фармакология,54,Другие города,4459,Биотехнолог,90000,110000,2022,2022,10
Рос. компания > 100,Фармакология,54,Другие города,4458,Биотехнолог,90000,110000,2022,2022,10
Рос. компания > 100,Фармакология,54,Другие города,4457,Химик,90000,115000,2022,2022,10
Рос. компания > 100,Фармакология,54,Другие города,4456,Химик,90000,110000,2022,2022,10
Рос. компания > 100,Фармакология,54,Другие города,4455,Научный сотрудник,110000,130000,2022,2022,10
Рос. компания > 100,Фармакология,54,Другие города,4454,Научный сотрудник,110000,130000,2022,2022,10
Рос. компания > 100,Фармакология,54,Другие города,4453,Научный сотрудник,140000,180000,2022,2022,10
Рос. компания > 100,Фармакология,54,Другие города,4452,Научный сотрудник,110000,130000,2022,2022,10
НИИ/Университет,Медицина,84,Москва и МО,4451,Лаборант,50000,80000,2022,2022,10
НИИ/Университет,Биоинформатика,30,Москва и МО,4450,Биоинформатик,40000,50000,2022,2022,10
НИИ/Университет,Биоинформатика,17,Москва и МО,4448,Научный сотрудник,60000,80000,2022,2022,10
НИИ/Университет,Биоинформатика,17,Москва и МО,4446,Биотехнолог,100000,200000,2022,2022,10
НИИ/Университет,Медицина,91,Москва и МО,4442,Научный сотрудник,30000,40000,2022,2022,10
НИИ/Университет,Генная инженерия/Молбиол и др,81,Москва и МО,4441,Научный сотрудник,100000,120000,2022,2022,10
НИИ/Университет,Генная инженерия/Молбиол и др,81,Москва и МО,4440,Биоинформатик,70000,90000,2022,2022,10
НИИ/Университет,Медицина,41,Москва и МО,4439,Руководитель группы/отдела/лаборатории,100000,200000,2022,2022,10
НИИ/Университет,Медицина,41,Москва и МО,4438,Научный сотрудник,50000,90000,2022,2022,10
НИИ/Университет,Генная инженерия/Молбиол и др,81,Москва и МО,4436,Научный сотрудник,70000,150000,2022,2022,10
НИИ/Университет,Биоинформатика,NA,Москва и МО,4435,Менеджер проектов/продукта,100000,200000,2022,2022,10
НИИ/Университет,Медицина,92,Москва и МО,4432,Аналитик данных,80000,120000,2022,2022,10
НИИ/Университет,Медицина,60,Москва и МО,4428,Научный сотрудник,60000,80000,2022,2022,10
НИИ/Университет,Фармакология,3,Санкт-Петербург,4426,Менеджер по регистрации,65000,75000,2022,2022,10
Рос. компания > 100,Агрономия и пищевая промышленность,6,Москва и МО,4425,Лаборант,72000,72000,2022,2022,10
НИИ/Университет,Медицина,84,Москва и МО,4423,Молекулярный биолог,80000,100000,2022,2022,10
Другое,Генная инженерия/Молбиол и др,93,Другие города,4421,Молекулярный биолог,35000,55000,2022,2022,10
Poc. компания 10-100,Биоинформатика,39,Другие города,4420,Научный сотрудник,50000,80000,2022,2022,10
Poc. компания 10-100,Биоинформатика,39,Другие города,4419,Научный сотрудник,50000,80000,2022,2022,10
Poc. компания < 10/стартап,Агрономия и пищевая промышленность,74,Москва и МО,4418,Микробиолог,80000,120000,2022,2022,10
Poc. компания < 10/стартап,Агрономия и пищевая промышленность,74,Москва и МО,4417,Молекулярный биолог,80000,120000,2022,2022,10
Poc. компания < 10/стартап,Агрономия и пищевая промышленность,74,Москва и МО,4416,Молекулярный биолог,80000,120000,2022,2022,10
НИИ/Университет,Генная инженерия/Молбиол и др,7,Москва и МО,4514,Научный сотрудник,40000,60000,2022,2022,11
НИИ/Университет,Генная инженерия/Молбиол и др,62,Москва и МО,4513,Молекулярный биолог,60000,90000,2022,2022,11
Poc. компания < 10/стартап,Агрономия и пищевая промышленность,74,Москва и МО,4511,Молекулярный биолог,75000,140000,2022,2022,11
НИИ/Университет,Генная инженерия/Молбиол и др,62,Москва и МО,4510,Научный сотрудник,40000,90000,2022,2022,11
НИИ/Университет,Биоинформатика,94,Москва и МО,4509,Лаборант,60000,75000,2022,2022,11
НИИ/Университет,Генная инженерия/Молбиол и др,95,Другие города,4508,Научный сотрудник,80000,80000,2022,2022,11
Рос. компания > 100,Фармакология,96,Москва и МО,4506,Менеджер по регистрации,150000,150000,2022,2022,11
Рос. компания > 100,Фармакология,96,Москва и МО,4505,Биотехнолог,120000,160000,2022,2022,11
Рос. компания > 100,Фармакология,96,Москва и МО,4504,Химик,120000,160000,2022,2022,11
Poc. компания 10-100,Биотехнологии,58,Москва и МО,4495,Молекулярный биолог,30000,70000,2022,2022,11
Рос. компания > 100,Фармакология,97,Москва и МО,4494,Научный сотрудник,90000,160000,2022,2022,11
Poc. компания 10-100,Биоинформатика,42,Другие города,4488,Аналитик данных,60000,150000,2022,2022,11
Poc. компания < 10/стартап,Другое,98,Москва и МО,4486,Менеджер по продажам,150000,200000,2022,2022,11
Клиническая лаборатория,Медицина,77,Москва и МО,4481,"Администратор, ассистент",70000,90000,2022,2022,11
Мед. учреждение,Медицина,2,Москва и МО,4480,Научный сотрудник,40000,70000,2022,2022,11
Poc. компания 10-100,Биоинформатика,99,Москва и МО,4478,Научный сотрудник,70000,130000,2022,2022,11
Poc. компания < 10/стартап,Образование,71,Москва и МО,4476,Менеджер по продажам,100000,100000,2022,2022,11
Рос. компания > 100,Фармакология,32,Санкт-Петербург,4474,Научный сотрудник,90000,100000,2022,2022,11
Рос. компания > 100,Фармакология,32,Санкт-Петербург,4473,Научный сотрудник,90000,110000,2022,2022,11
НИИ/Университет,Генная инженерия/Молбиол и др,100,Другие города,4538,Научный сотрудник,200000,200000,2022,2022,12
НИИ/Университет,Генная инженерия/Молбиол и др,101,Москва и МО,4536,Молекулярный биолог,70000,80000,2022,2022,12
Poc. компания 10-100,Генная инженерия/Молбиол и др,53,Москва и МО,4534,Молекулярный биолог,120000,200000,2022,2022,12
НИИ/Университет,Медицина,102,Москва и МО,4533,Лаборант,70000,120000,2022,2022,12
НИИ/Университет,Генная инженерия/Молбиол и др,7,Москва и МО,4532,Научный сотрудник,40000,60000,2022,2022,12
Poc. компания < 10/стартап,Другое,103,Москва и МО,4530,Менеджер по продажам,50000,150000,2022,2022,12
НИИ/Университет,Генная инженерия/Молбиол и др,62,Москва и МО,4528,Лабораторный менеджер,35000,50000,2022,2022,12
НИИ/Университет,Медицина,NA,Москва и МО,4527,Молекулярный биолог,80000,120000,2022,2022,12
НИИ/Университет,Фармакология,104,Москва и МО,4516,Аналитик данных,60000,100000,2022,2022,12
НИИ/Университет,Медицина,105,Москва и МО,4611,Научный сотрудник,100000,100000,2022,2023,1
НИИ/Университет,Фармакология,3,Санкт-Петербург,4610,Научный сотрудник,200000,200000,2022,2023,1
Poc. компания < 10/стартап,Агрономия и пищевая промышленность,74,Москва и МО,4609,Лаборант,40000,80000,2022,2023,1
НИИ/Университет,Генная инженерия/Молбиол и др,106,Москва и МО,4608,Лабораторный менеджер,45000,55000,2022,2023,1
НИИ/Университет,Генная инженерия/Молбиол и др,81,Москва и МО,4607,Лаборант,60000,80000,2022,2023,1
Рос. компания > 100,Фармакология,97,Другие города,4604,Руководитель группы/отдела/лаборатории,220000,220000,2022,2023,1
Рос. компания > 100,Агрономия и пищевая промышленность,6,Москва и МО,4603,Биоинформатик,130000,130000,2022,2023,1
Poc. компания 10-100,Фармакология,107,Москва и МО,4602,Менеджер проектов/продукта,147900,217500,2022,2023,1
НИИ/Университет,Медицина,60,Москва и МО,4601,Научный сотрудник,100000,100000,2022,2023,1
НИИ/Университет,Медицина,60,Москва и МО,4600,Научный сотрудник,70000,80000,2022,2023,1
НИИ/Университет,Генная инженерия/Молбиол и др,81,Москва и МО,4598,Биотехнолог,80000,120000,2022,2023,1
НИИ/Университет,Генная инженерия/Молбиол и др,108,Москва и МО,4593,Молекулярный биолог,50000,60000,2022,2023,1
НИИ/Университет,Медицина,102,Москва и МО,4592,Лаборант,70000,100000,2022,2023,1
НИИ/Университет,Медицина,31,Санкт-Петербург,4591,Научный сотрудник,50000,150000,2022,2023,1
НИИ/Университет,Генная инженерия/Молбиол и др,81,Москва и МО,4590,Биоинформатик,70000,90000,2022,2023,1
Poc. компания < 10/стартап,Агрономия и пищевая промышленность,74,Москва и МО,4587,Молекулярный биолог,80000,120000,2022,2023,1
Рос. компания > 100,Фармакология,97,Москва и МО,4585,Научный сотрудник,100000,160000,2022,2023,1
НИИ/Университет,Медицина,82,Москва и МО,4584,Микробиолог,40000,90000,2022,2023,1
НИИ/Университет,Медицина,82,Москва и МО,4583,Микробиолог,60000,90000,2022,2023,1
НИИ/Университет,Биоинформатика,78,Москва и МО,4582,Молекулярный биолог,40000,90000,2022,2023,1
Poc. компания 10-100,Ветеринария,13,Москва и МО,4581,"Администратор, ассистент",40000,60000,2022,2023,1
Poc. компания 10-100,Химия,109,Москва и МО,4580,Биоинформатик,150000,200000,2022,2023,1
Poc. компания 10-100,Химия,109,Москва и МО,4579,Аналитик данных,50000,70000,2022,2023,1
НИИ/Университет,Медицина,19,Москва и МО,4569,Научный сотрудник,40000,80000,2022,2023,1
НИИ/Университет,Медицина,110,Москва и МО,4565,Научный сотрудник,50000,70000,2022,2023,1
Poc. компания 10-100,Химия,64,Москва и МО,4564,Менеджер по продажам,70000,90000,2022,2023,1
Poc. компания 10-100,Химия,64,Москва и МО,4563,Менеджер по продажам,60000,110000,2022,2023,1
Poc. компания 10-100,Химия,64,Москва и МО,4562,Менеджер проектов/продукта,60000,80000,2022,2023,1
Poc. компания 10-100,Химия,64,Москва и МО,4561,Менеджер по продажам,70000,130000,2022,2023,1
Poc. компания 10-100,Химия,64,Москва и МО,4560,Химик,50000,10000,2022,2023,1
Poc. компания 10-100,Химия,64,Москва и МО,4559,Химик,70000,150000,2022,2023,1
Рос. компания > 100,Агрономия и пищевая промышленность,111,Москва и МО,4558,Менеджер по продажам,100000,200000,2022,2023,1
Poc. компания 10-100,Биотехнологии,112,Москва и МО,4556,Лаборант,40000,45000,2022,2023,1
Poc. компания < 10/стартап,Агрономия и пищевая промышленность,74,Москва и МО,4554,Биотехнолог,80000,110000,2022,2023,1
Мед. учреждение,Медицина,2,Москва и МО,4551,Научный сотрудник,40000,75000,2022,2023,1
НИИ/Университет,Медицина,33,Москва и МО,4550,Научный сотрудник,130000,150000,2022,2023,1
НИИ/Университет,Медицина,33,Москва и МО,4549,Научный сотрудник,130000,150000,2022,2023,1
НИИ/Университет,Медицина,113,Москва и МО,4548,Врач,65000,90000,2022,2023,1
НИИ/Университет,Медицина,113,Москва и МО,4546,Научный сотрудник,65000,90000,2022,2023,1
НИИ/Университет,Медицина,41,Москва и МО,4543,Научный сотрудник,50000,90000,2022,2023,1
НИИ/Университет,Медицина,41,Москва и МО,4542,Руководитель группы/отдела/лаборатории,100000,200000,2022,2023,1
Poc. компания < 10/стартап,Агрономия и пищевая промышленность,114,Москва и МО,4632,Научный сотрудник,50000,100000,2022,2023,2
НИИ/Университет,Генная инженерия/Молбиол и др,81,Москва и МО,4625,Молекулярный биолог,150000,200000,2022,2023,2
Poc. компания 10-100,Биотехнологии,115,Москва и МО,4650,Молекулярный биолог,70000,100000,2022,2023,2
Poc. компания 10-100,Другое,116,Другие города,4648,"Администратор, ассистент",30000,60000,2022,2023,2
НИИ/Университет,Генная инженерия/Молбиол и др,95,Другие города,4647,Научный сотрудник,80000,80000,2022,2023,2
НИИ/Университет,Медицина,117,Москва и МО,4645,Научный сотрудник,35000,70000,2022,2023,2
НИИ/Университет,Биоинформатика,NA,Другие города,4643,Руководитель группы/отдела/лаборатории,200000,400000,2022,2023,2
Рос. компания > 100,Агрономия и пищевая промышленность,6,Москва и МО,4640,Биоинформатик,130000,130000,2022,2023,2
НИИ/Университет,Генная инженерия/Молбиол и др,118,Москва и МО,4639,Научный сотрудник,30000,50000,2022,2023,2
НИИ/Университет,Генная инженерия/Молбиол и др,118,Москва и МО,4638,Научный сотрудник,70000,100000,2022,2023,2
НИИ/Университет,Медицина,119,Москва и МО,4636,Лаборант,50000,60000,2022,2023,2
Другое,Другое,120,Москва и МО,4634,Микробиолог,50000,80000,2022,2023,2
Рос. компания > 100,Фармакология,97,Москва и МО,4633,Научный сотрудник,100000,160000,2022,2023,2
НИИ/Университет,Медицина,121,Москва и МО,4631,Научный сотрудник,50000,80000,2022,2023,2
Рос. компания > 100,Фармакология,32,Санкт-Петербург,4624,Научный сотрудник,70000,85000,2022,2023,2
Рос. компания > 100,Агрономия и пищевая промышленность,6,Москва и МО,4623,Биоинформатик,40000,50000,2022,2023,2
НИИ/Университет,Медицина,85,Москва и МО,4622,Аналитик данных,80000,200000,2022,2023,2
НИИ/Университет,Генная инженерия/Молбиол и др,62,Москва и МО,4621,Научный сотрудник,60000,90000,2022,2023,2
НИИ/Университет,Медицина,19,Москва и МО,4620,Научный сотрудник,130000,150000,2022,2023,2
НИИ/Университет,Фармакология,3,Санкт-Петербург,4619,Микробиолог,78000,78000,2022,2023,2
Poc. компания 10-100,Биотехнологии,58,Москва и МО,4618,Химик,80000,90000,2022,2023,2
НИИ/Университет,Медицина,31,Санкт-Петербург,4617,Менеджер по регистрации,50000,100000,2022,2023,2
НИИ/Университет,Медицина,19,Москва и МО,4615,Научный сотрудник,130000,150000,2022,2023,2
НИИ/Университет,Медицина,1,Москва и МО,4614,Научный сотрудник,70000,100000,2022,2023,2
НИИ/Университет,Генная инженерия/Молбиол и др,NA,Москва и МО,4613,Научный сотрудник,100000,150000,2022,2023,2
НИИ/Университет,Медицина,60,Москва и МО,4749,Научный сотрудник,70000,220000,2023,2023,3
Рос. компания > 100,Фармакология,97,Москва и МО,4747,Биотехнолог,65000,70000,2023,2023,3
НИИ/Университет,Медицина,105,Москва и МО,4746,Научный сотрудник,100000,100000,2023,2023,3
Poc. компания 10-100,Другое,122,Москва и МО,4745,Менеджер по регистрации,300000,1000000,2023,2023,3
Рос. компания > 100,Фармакология,32,Санкт-Петербург,4744,Научный сотрудник,50000,90000,2023,2023,3
Мед. учреждение,Медицина,2,Москва и МО,4742,Научный сотрудник,60000,70000,2023,2023,3
НИИ/Университет,Медицина,123,Москва и МО,4741,Биоинформатик,80000,130000,2023,2023,3
НИИ/Университет,Медицина,119,Москва и МО,4740,Лаборант,50000,60000,2023,2023,3
Клиническая лаборатория,Медицина,124,Москва и МО,4739,Молекулярный биолог,130000,140000,2023,2023,3
НИИ/Университет,Генная инженерия/Молбиол и др,81,Москва и МО,4737,Научный сотрудник,85000,150000,2023,2023,3
НИИ/Университет,Медицина,84,Москва и МО,4736,Лаборант,60000,80000,2023,2023,3
НИИ/Университет,Медицина,125,Москва и МО,4735,Лаборант,24000,24000,2023,2023,3
НИИ/Университет,Биоинформатика,20,Москва и МО,4734,Научный сотрудник,110000,150000,2023,2023,3
Poc. компания < 10/стартап,Агрономия и пищевая промышленность,114,Москва и МО,4733,Лаборант,60000,60000,2023,2023,3
НИИ/Университет,Биоинформатика,NA,Москва и МО,4732,Научный сотрудник,110000,150000,2023,2023,3
Poc. компания < 10/стартап,Другое,126,Москва и МО,4726,Микробиолог,190000,200000,2023,2023,3
НИИ/Университет,Генная инженерия/Молбиол и др,62,Москва и МО,4730,Молекулярный биолог,60000,80000,2023,2023,3
НИИ/Университет,Биоинформатика,21,Москва и МО,4729,Научный сотрудник,70000,70000,2023,2023,3
Poc. компания 10-100,Биотехнологии,115,Москва и МО,4727,Лаборант,60000,80000,2023,2023,3
НИИ/Университет,Медицина,127,Санкт-Петербург,4725,Научный сотрудник,30000,60000,2023,2023,3
Poc. компания 10-100,Биотехнологии,115,Москва и МО,4724,Научный сотрудник,90000,110000,2023,2023,3
НИИ/Университет,Медицина,82,Москва и МО,4722,Молекулярный биолог,50000,90000,2023,2023,3
НИИ/Университет,Медицина,123,Москва и МО,4721,Лаборант,80000,80000,2023,2023,3
НИИ/Университет,Медицина,123,Москва и МО,4720,Лаборант,90000,90000,2023,2023,3
НИИ/Университет,Медицина,123,Москва и МО,4719,Научный сотрудник,100000,100000,2023,2023,3
НИИ/Университет,Генная инженерия/Молбиол и др,62,Москва и МО,4717,Лабораторный менеджер,35000,50000,2023,2023,3
НИИ/Университет,Медицина,1,Москва и МО,4716,Биоинформатик,60000,150000,2023,2023,3
Poc. компания 10-100,Биотехнологии,115,Москва и МО,4715,Молекулярный биолог,70000,100000,2023,2023,3
Poc. компания < 10/стартап,Агрономия и пищевая промышленность,114,Москва и МО,4714,Научный сотрудник,50000,100000,2023,2023,3
Рос. компания > 100,Агрономия и пищевая промышленность,111,Москва и МО,4713,Менеджер по продажам,100000,200000,2023,2023,3
НИИ/Университет,Медицина,128,Москва и МО,4712,Научный сотрудник,50000,90000,2023,2023,3
Рос. компания > 100,Биотехнологии,129,Другие города,4711,Биотехнолог,130000,130000,2023,2023,3
Poc. компания 10-100,Химия,109,Москва и МО,4710,Менеджер по продажам,80000,12000,2023,2023,3
Poc. компания 10-100,Химия,64,Москва и МО,4707,Менеджер по продажам,70000,130000,2023,2023,3
Poc. компания 10-100,Химия,64,Москва и МО,4706,Менеджер проектов/продукта,60000,80000,2023,2023,3
Poc. компания 10-100,Химия,64,Москва и МО,4705,Менеджер по продажам,70000,90000,2023,2023,3
Poc. компания 10-100,Биотехнологии,115,Москва и МО,4704,Лаборант,50000,80000,2023,2023,3
НИИ/Университет,Медицина,84,Москва и МО,4703,Молекулярный биолог,80000,100000,2023,2023,3
НИИ/Университет,Медицина,31,Санкт-Петербург,4702,Менеджер по регистрации,50000,100000,2023,2023,3
Рос. компания > 100,Биотехнологии,129,Другие города,4701,Биотехнолог,130000,130000,2023,2023,3
НИИ/Университет,Медицина,31,Санкт-Петербург,4700,Научный сотрудник,50000,150000,2023,2023,3
Poc. компания 10-100,Фармакология,107,Москва и МО,4698,Менеджер по регистрации,80000,200000,2023,2023,3
НИИ/Университет,Медицина,130,Другие города,4696,Биотехнолог,60000,90000,2023,2023,3
Рос. компания > 100,Фармакология,97,Москва и МО,4695,Научный сотрудник,100000,160000,2023,2023,3
Poc. компания 10-100,Биотехнологии,58,Москва и МО,4694,Биотехнолог,90000,100000,2023,2023,3
НИИ/Университет,Генная инженерия/Молбиол и др,7,Москва и МО,4693,Научный сотрудник,80000,120000,2023,2023,3
Poc. компания < 10/стартап,Медицина,131,Москва и МО,4692,Менеджер проектов/продукта,100000,150000,2023,2023,3
НИИ/Университет,Биоинформатика,132,Москва и МО,4690,Лаборант,70000,100000,2023,2023,3
Клиническая лаборатория,Медицина,77,Москва и МО,4689,Молекулярный биолог,95000,130000,2023,2023,3
НИИ/Университет,Медицина,125,Москва и МО,4688,Молекулярный биолог,24000,24000,2023,2023,3
НИИ/Университет,Генная инженерия/Молбиол и др,106,Москва и МО,4687,Лабораторный менеджер,45000,55000,2023,2023,3
Мед. учреждение,Медицина,2,Москва и МО,4686,Научный сотрудник,80000,120000,2023,2023,3
НИИ/Университет,Биотехнологии,73,Москва и МО,4685,Научный сотрудник,50000,200000,2023,2023,3
НИИ/Университет,Биотехнологии,133,Москва и МО,4684,Научный сотрудник,80000,100000,2023,2023,3
НИИ/Университет,Медицина,134,Москва и МО,4683,Научный сотрудник,24000,24000,2023,2023,3
НИИ/Университет,Генная инженерия/Молбиол и др,62,Москва и МО,4680,Научный сотрудник,60000,90000,2023,2023,3
Poc. компания 10-100,Биотехнологии,58,Москва и МО,4677,Научный сотрудник,80000,90000,2023,2023,3
НИИ/Университет,Генная инженерия/Молбиол и др,81,Москва и МО,4676,Научный сотрудник,80000,120000,2023,2023,3
НИИ/Университет,Медицина,135,Москва и МО,4672,Научный сотрудник,150000,200000,2023,2023,3
НИИ/Университет,Медицина,135,Москва и МО,4671,Научный сотрудник,150000,200000,2023,2023,3
НИИ/Университет,Генная инженерия/Молбиол и др,NA,Москва и МО,4670,Научный сотрудник,100000,150000,2023,2023,3
Poc. компания 10-100,Биотехнологии,136,Москва и МО,4669,Научный сотрудник,100000,150000,2023,2023,3
Poc. компания 10-100,Химия,109,Москва и МО,4667,Биоинформатик,150000,200000,2023,2023,3
НИИ/Университет,Генная инженерия/Молбиол и др,NA,Москва и МО,4666,Научный сотрудник,50000,90000,2023,2023,3
НИИ/Университет,Медицина,44,Москва и МО,4665,Научный сотрудник,110000,130000,2023,2023,3
НИИ/Университет,Генная инженерия/Молбиол и др,81,Москва и МО,4664,Лаборант,60000,80000,2023,2023,3
НИИ/Университет,Биоинформатика,69,Москва и МО,4663,Биоинформатик,150000,280000,2023,2023,3
Рос. компания > 100,Фармакология,137,Москва и МО,4662,Биотехнолог,50000,90000,2023,2023,3
Клиническая лаборатория,Медицина,138,Москва и МО,4660,"Администратор, ассистент",35000,50000,2023,2023,3
Клиническая лаборатория,Медицина,138,Москва и МО,4659,Молекулярный биолог,55000,70000,2023,2023,3
Клиническая лаборатория,Медицина,138,Москва и МО,4658,Биоинформатик,65000,100000,2023,2023,3
НИИ/Университет,Генная инженерия/Молбиол и др,7,Москва и МО,4657,Лабораторный менеджер,70000,100000,2023,2023,3
Клиническая лаборатория,Медицина,138,Москва и МО,4656,Менеджер по продажам,35000,55000,2023,2023,3
НИИ/Университет,Медицина,60,Москва и МО,4655,Научный сотрудник,70000,80000,2023,2023,3
НИИ/Университет,Медицина,60,Москва и МО,4654,Лаборант,50000,55000,2023,2023,3
НИИ/Университет,Медицина,60,Москва и МО,4653,Научный сотрудник,50000,60000,2023,2023,3
НИИ/Университет,Медицина,82,Москва и МО,4817,Научный сотрудник,50000,90000,2023,2023,4
Мед. учреждение,Медицина,2,Москва и МО,4816,Микробиолог,50000,80000,2023,2023,4
Клиническая лаборатория,Медицина,77,Москва и МО,4815,Руководитель группы/отдела/лаборатории,150000,200000,2023,2023,4
Poc. компания 10-100,Химия,64,Москва и МО,4814,Химик,50000,150000,2023,2023,4
Poc. компания 10-100,Химия,64,Москва и МО,4813,Менеджер по продажам,70000,90000,2023,2023,4
Poc. компания 10-100,Биотехнологии,58,Москва и МО,4811,"Администратор, ассистент",120000,140000,2023,2023,4
НИИ/Университет,Медицина,84,Москва и МО,4810,Биотехнолог,100000,150000,2023,2023,4
НИИ/Университет,Медицина,139,Москва и МО,4808,Молекулярный биолог,65000,120000,2023,2023,4
Poc. компания < 10/стартап,Агрономия и пищевая промышленность,114,Москва и МО,4807,Научный сотрудник,50000,100000,2023,2023,4
Poc. компания < 10/стартап,Агрономия и пищевая промышленность,114,Москва и МО,4806,Лабораторный менеджер,60000,60000,2023,2023,4
Другое,Генная инженерия/Молбиол и др,140,Москва и МО,4805,Научный сотрудник,90000,120000,2023,2023,4
Другое,Другое,65,Санкт-Петербург,4804,Биоинформатик,70000,130000,2023,2023,4
НИИ/Университет,Медицина,125,Москва и МО,4803,Научный сотрудник,24000,24000,2023,2023,4
НИИ/Университет,Медицина,1,Москва и МО,4802,Научный сотрудник,80000,110000,2023,2023,4
НИИ/Университет,Медицина,1,Москва и МО,4801,Лабораторный менеджер,70000,90000,2023,2023,4
НИИ/Университет,Генная инженерия/Молбиол и др,141,Москва и МО,4800,Научный сотрудник,70000,80000,2023,2023,4
НИИ/Университет,Биоинформатика,78,Москва и МО,4799,Биоинформатик,150000,250000,2023,2023,4
НИИ/Университет,Медицина,44,Москва и МО,4798,Научный сотрудник,120000,150000,2023,2023,4
НИИ/Университет,Медицина,84,Москва и МО,4797,Лаборант,60000,80000,2023,2023,4
НИИ/Университет,Фармакология,142,Москва и МО,4795,Лаборант,60000,60000,2023,2023,4
Poc. компания 10-100,Биотехнологии,115,Москва и МО,4794,Молекулярный биолог,70000,100000,2023,2023,4
Рос. компания > 100,Фармакология,97,Другие города,4793,Химик,100000,100000,2023,2023,4
Клиническая лаборатория,Медицина,77,Москва и МО,4792,Лаборант,65000,65000,2023,2023,4
Рос. компания > 100,Фармакология,97,Другие города,4791,Руководитель группы/отдела/лаборатории,200000,2000000,2023,2023,4
Poc. компания 10-100,Химия,109,Москва и МО,4790,Менеджер по продажам,80000,12000,2023,2023,4
НИИ/Университет,Медицина,48,Москва и МО,4789,Научный сотрудник,40000,100000,2023,2023,4
НИИ/Университет,Фармакология,3,Санкт-Петербург,4788,Лаборант,60000,60000,2023,2023,4
НИИ/Университет,Фармакология,3,Санкт-Петербург,4787,Химик,65000,68000,2023,2023,4
НИИ/Университет,Фармакология,3,Санкт-Петербург,4786,Химик,75000,85000,2023,2023,4
НИИ/Университет,Биотехнологии,143,Москва и МО,4785,Химик,60000,200000,2023,2023,4
НИИ/Университет,Биотехнологии,143,Москва и МО,4784,Молекулярный биолог,60000,200000,2023,2023,4
НИИ/Университет,Медицина,19,Москва и МО,4782,Лаборант,15000,22000,2023,2023,4
НИИ/Университет,Генная инженерия/Молбиол и др,144,Москва и МО,4781,Молекулярный биолог,60000,70000,2023,2023,4
Другое,Химия,145,Москва и МО,4779,Химик,95000,115000,2023,2023,4
Poc. компания 10-100,Биотехнологии,115,Москва и МО,4778,Научный сотрудник,70000,100000,2023,2023,4
Poc. компания 10-100,Биотехнологии,115,Москва и МО,4777,Лабораторный менеджер,60000,80000,2023,2023,4
Poc. компания 10-100,Другое,146,Другие города,4776,Научный сотрудник,50000,80000,2023,2023,4
НИИ/Университет,Генная инженерия/Молбиол и др,81,Москва и МО,4775,Научный сотрудник,60000,200000,2023,2023,4
НИИ/Университет,Генная инженерия/Молбиол и др,55,Москва и МО,4774,IT,70000,120000,2023,2023,4
Poc. компания 10-100,Ветеринария,13,Москва и МО,4773,"Администратор, ассистент",40000,50000,2023,2023,4
НИИ/Университет,Медицина,31,Санкт-Петербург,4772,Биоинформатик,50000,100000,2023,2023,4
Рос. компания > 100,Фармакология,97,Москва и МО,4771,Биотехнолог,100000,120000,2023,2023,4
Другое,Другое,120,Москва и МО,4770,Микробиолог,50000,80000,2023,2023,4
НИИ/Университет,Медицина,31,Санкт-Петербург,4768,Научный сотрудник,80000,170000,2023,2023,4
Poc. компания 10-100,Биотехнологии,58,Москва и МО,4767,Химик,80000,90000,2023,2023,4
НИИ/Университет,Медицина,147,Москва и МО,4765,Биоинформатик,80000,100000,2023,2023,4
Poc. компания < 10/стартап,Агрономия и пищевая промышленность,114,Москва и МО,4764,"Администратор, ассистент",100000,120000,2023,2023,4
НИИ/Университет,Биоинформатика,148,Другие города,4763,Научный сотрудник,60000,80000,2023,2023,4
НИИ/Университет,Медицина,149,Другие города,4762,Научный сотрудник,70000,70000,2023,2023,4
Poc. компания 10-100,Генная инженерия/Молбиол и др,150,Москва и МО,4761,Научный сотрудник,60000,80000,2023,2023,4
НИИ/Университет,Медицина,19,Москва и МО,4760,Научный сотрудник,200000,250000,2023,2023,4
НИИ/Университет,Медицина,19,Москва и МО,4759,Научный сотрудник,200000,250000,2023,2023,4
НИИ/Университет,Медицина,19,Москва и МО,4758,Научный сотрудник,200000,250000,2023,2023,4
НИИ/Университет,Генная инженерия/Молбиол и др,NA,Москва и МО,4754,Научный сотрудник,80000,90000,2023,2023,4
НИИ/Университет,Медицина,149,Другие города,4753,Научный сотрудник,70000,90000,2023,2023,4
НИИ/Университет,Генная инженерия/Молбиол и др,7,Москва и МО,4751,Научный сотрудник,50000,100000,2023,2023,4
НИИ/Университет,Генная инженерия/Молбиол и др,62,Москва и МО,4750,Научный сотрудник,60000,90000,2023,2023,4
Poc. компания 10-100,Медицина,151,Другие города,4894,Лаборант,30000,40000,2023,2023,5
Рос. компания > 100,Биотехнологии,129,Другие города,4893,Биотехнолог,32500,130000,2023,2023,5
НИИ/Университет,Генная инженерия/Молбиол и др,62,Москва и МО,4892,Научный сотрудник,60000,90000,2023,2023,5
НИИ/Университет,Генная инженерия/Молбиол и др,118,Москва и МО,4889,Научный сотрудник,70000,90000,2023,2023,5
НИИ/Университет,Биоинформатика,148,Другие города,4888,Научный сотрудник,60000,80000,2023,2023,5
НИИ/Университет,Медицина,152,Москва и МО,4887,Научный сотрудник,100000,100000,2023,2023,5
Poc. компания 10-100,Химия,109,Москва и МО,4886,Менеджер по продажам,80000,120000,2023,2023,5
НИИ/Университет,Медицина,125,Москва и МО,4885,Научный сотрудник,24000,24000,2023,2023,5
Poc. компания 10-100,Химия,109,Москва и МО,4884,Биоинформатик,50000,65000,2023,2023,5
Poc. компания < 10/стартап,Биоинформатика,153,Москва и МО,4883,Аналитик данных,50000,50000,2023,2023,5
Poc. компания 10-100,Химия,64,Москва и МО,4882,Химик,50000,150000,2023,2023,5
Poc. компания 10-100,Генная инженерия/Молбиол и др,150,Москва и МО,4881,Лаборант,25000,50000,2023,2023,5
Рос. компания > 100,Фармакология,32,Санкт-Петербург,4880,Научный сотрудник,50000,90000,2023,2023,5
Poc. компания 10-100,Биотехнологии,154,Москва и МО,4877,Химик,85000,110000,2023,2023,5
НИИ/Университет,Генная инженерия/Молбиол и др,7,Москва и МО,4875,Биоинформатик,100000,150000,2023,2023,5
НИИ/Университет,Биоинформатика,155,Москва и МО,4872,Биоинформатик,80000,150000,2023,2023,5
НИИ/Университет,Биоинформатика,155,Москва и МО,4871,Научный сотрудник,100000,150000,2023,2023,5
НИИ/Университет,Биоинформатика,155,Москва и МО,4870,Научный сотрудник,80000,100000,2023,2023,5
Рос. компания > 100,Фармакология,54,Москва и МО,4869,"Администратор, ассистент",110000,160000,2023,2023,5
Рос. компания > 100,Фармакология,54,Другие города,4868,Научный сотрудник,85000,130000,2023,2023,5
Рос. компания > 100,Фармакология,54,Другие города,4867,Аналитик данных,150000,220000,2023,2023,5
Рос. компания > 100,Фармакология,54,Другие города,4866,Научный сотрудник,85000,140000,2023,2023,5
Рос. компания > 100,Фармакология,54,Другие города,4865,Химик,90000,90000,2023,2023,5
Poc. компания 10-100,Медицина,156,Санкт-Петербург,4864,Микробиолог,80000,100000,2023,2023,5
Poc. компания 10-100,Медицина,156,Санкт-Петербург,4863,Микробиолог,40000,60000,2023,2023,5
НИИ/Университет,Генная инженерия/Молбиол и др,66,Москва и МО,4862,Научный сотрудник,50000,100000,2023,2023,5
НИИ/Университет,Медицина,44,Москва и МО,4860,"Администратор, ассистент",100000,120000,2023,2023,5
НИИ/Университет,Медицина,44,Москва и МО,4859,Врач,100000,180000,2023,2023,5
НИИ/Университет,Медицина,44,Москва и МО,4858,Врач,100000,180000,2023,2023,5
НИИ/Университет,Медицина,44,Москва и МО,4857,Биоинформатик,150000,250000,2023,2023,5
НИИ/Университет,Медицина,44,Москва и МО,4856,Биоинформатик,150000,250000,2023,2023,5
НИИ/Университет,Медицина,44,Москва и МО,4855,Аналитик данных,150000,200000,2023,2023,5
Poc. компания 10-100,Биотехнологии,115,Москва и МО,4854,Молекулярный биолог,70000,100000,2023,2023,5
НИИ/Университет,Медицина,157,Москва и МО,4853,Врач,80000,120000,2023,2023,5
НИИ/Университет,Генная инженерия/Молбиол и др,7,Москва и МО,4851,Научный сотрудник,50000,100000,2023,2023,5
Рос. компания > 100,Фармакология,97,Москва и МО,4850,Научный сотрудник,90000,160000,2023,2023,5
Poc. компания 10-100,Биотехнологии,115,Москва и МО,4849,Лабораторный менеджер,60000,80000,2023,2023,5
Poc. компания 10-100,Биотехнологии,115,Москва и МО,4848,Научный сотрудник,70000,100000,2023,2023,5
Poc. компания 10-100,Биотехнологии,115,Москва и МО,4846,Молекулярный биолог,70000,100000,2023,2023,5
Poc. компания 10-100,Биотехнологии,115,Москва и МО,4845,Научный сотрудник,90000,110000,2023,2023,5
Poc. компания < 10/стартап,Агрономия и пищевая промышленность,114,Москва и МО,4844,"Администратор, ассистент",100000,120000,2023,2023,5
НИИ/Университет,Генная инженерия/Молбиол и др,81,Москва и МО,4843,Лаборант,60000,80000,2023,2023,5
НИИ/Университет,Генная инженерия/Молбиол и др,81,Москва и МО,4842,Научный сотрудник,150000,200000,2023,2023,5
Мед. учреждение,Медицина,2,Москва и МО,4839,Научный сотрудник,60000,70000,2023,2023,5
Poc. компания 10-100,Биотехнологии,58,Москва и МО,4838,Химик,80000,90000,2023,2023,5
НИИ/Университет,Медицина,157,Москва и МО,4837,Научный сотрудник,70000,120000,2023,2023,5
НИИ/Университет,Медицина,157,Москва и МО,4836,Биоинформатик,120000,200000,2023,2023,5
НИИ/Университет,Медицина,158,Москва и МО,4835,Врач,78000,150000,2023,2023,5
НИИ/Университет,Генная инженерия/Молбиол и др,81,Москва и МО,4834,Научный сотрудник,100000,150000,2023,2023,5
НИИ/Университет,Генная инженерия/Молбиол и др,81,Москва и МО,4833,Научный сотрудник,50000,70000,2023,2023,5
НИИ/Университет,Генная инженерия/Молбиол и др,62,Москва и МО,4832,Научный сотрудник,60000,90000,2023,2023,5
НИИ/Университет,Медицина,159,Другие города,4831,Научный сотрудник,60000,70000,2023,2023,5
Poc. компания 10-100,Химия,160,Москва и МО,4830,Биоинформатик,200000,300000,2023,2023,5
НИИ/Университет,Биоинформатика,NA,Москва и МО,4829,Научный сотрудник,110000,150000,2023,2023,5
НИИ/Университет,Биоинформатика,20,Москва и МО,4828,Научный сотрудник,110000,150000,2023,2023,5
Клиническая лаборатория,Медицина,161,Москва и МО,4827,IT,200000,300000,2023,2023,5
НИИ/Университет,Генная инженерия/Молбиол и др,81,Москва и МО,4826,Биоинформатик,100000,180000,2023,2023,5
НИИ/Университет,Генная инженерия/Молбиол и др,7,Москва и МО,4825,Биоинформатик,100000,150000,2023,2023,5
Poc. компания 10-100,Медицина,156,Санкт-Петербург,4824,Биоинформатик,180000,200000,2023,2023,5
НИИ/Университет,Генная инженерия/Молбиол и др,162,Москва и МО,4823,Научный сотрудник,120000,150000,2023,2023,5
Рос. компания > 100,Биотехнологии,129,Другие города,4822,Менеджер проектов/продукта,125000,160000,2023,2023,5
НИИ/Университет,Генная инженерия/Молбиол и др,81,Москва и МО,4821,Биотехнолог,80000,120000,2023,2023,5
НИИ/Университет,Генная инженерия/Молбиол и др,81,Москва и МО,4820,Лаборант,60000,80000,2023,2023,5
НИИ/Университет,Генная инженерия/Молбиол и др,81,Москва и МО,4819,Научный сотрудник,150000,200000,2023,2023,5
Рос. компания > 100,Фармакология,54,Москва и МО,4965,Руководитель группы/отдела/лаборатории,200000,250000,2023,2023,6
Poc. компания 10-100,Химия,64,Москва и МО,4966,Химик,70000,85000,2023,2023,6
Рос. компания > 100,Медицина,163,Москва и МО,4964,Руководитель группы/отдела/лаборатории,130000,180000,2023,2023,6
НИИ/Университет,Медицина,19,Москва и МО,4963,Научный сотрудник,130000,150000,2023,2023,6
НИИ/Университет,Генная инженерия/Молбиол и др,81,Москва и МО,4962,Лаборант,60000,80000,2023,2023,6
НИИ/Университет,Генная инженерия/Молбиол и др,81,Москва и МО,4961,Научный сотрудник,150000,200000,2023,2023,6
НИИ/Университет,Генная инженерия/Молбиол и др,NA,Санкт-Петербург,4960,Научный сотрудник,80000,120000,2023,2023,6
НИИ/Университет,Медицина,33,Москва и МО,4959,Научный сотрудник,80000,140000,2023,2023,6
НИИ/Университет,Генная инженерия/Молбиол и др,81,Москва и МО,4957,Научный сотрудник,100000,120000,2023,2023,6
НИИ/Университет,Генная инженерия/Молбиол и др,62,Москва и МО,4956,Научный сотрудник,60000,90000,2023,2023,6
НИИ/Университет,Медицина,84,Москва и МО,4954,Лаборант,60000,120000,2023,2023,6
Poc. компания < 10/стартап,Генная инженерия/Молбиол и др,164,Москва и МО,4952,Лабораторный менеджер,70000,100000,2023,2023,6
Клиническая лаборатория,Медицина,165,Москва и МО,4950,Биоинформатик,110000,110000,2023,2023,6
Poc. компания 10-100,Химия,64,Москва и МО,4949,Химик,50000,150000,2023,2023,6
Другое,Биотехнологии,166,Москва и МО,4948,Лаборант,35000,45000,2023,2023,6
Poc. компания 10-100,Медицина,40,Москва и МО,4947,Менеджер проектов/продукта,100000,100000,2023,2023,6
Poc. компания 10-100,Медицина,40,Москва и МО,4946,Биоинформатик,100000,160000,2023,2023,6
Poc. компания < 10/стартап,Агрономия и пищевая промышленность,114,Москва и МО,4945,"Администратор, ассистент",100000,120000,2023,2023,6
Poc. компания 10-100,Биотехнологии,115,Москва и МО,4944,Научный сотрудник,90000,110000,2023,2023,6
Poc. компания 10-100,Биотехнологии,115,Москва и МО,4943,Научный сотрудник,70000,100000,2023,2023,6
Poc. компания 10-100,Биотехнологии,115,Москва и МО,4942,Научный сотрудник,70000,100000,2023,2023,6
Poc. компания 10-100,Биотехнологии,115,Москва и МО,4941,Лабораторный менеджер,60000,80000,2023,2023,6
Poc. компания 10-100,Биотехнологии,115,Москва и МО,4940,Молекулярный биолог,70000,100000,2023,2023,6
Клиническая лаборатория,Медицина,77,Москва и МО,4939,Менеджер проектов/продукта,100000,150000,2023,2023,6
Poc. компания 10-100,Ветеринария,13,Москва и МО,4937,"Администратор, ассистент",50000,70000,2023,2023,6
НИИ/Университет,Медицина,167,Москва и МО,4935,Научный сотрудник,80000,130000,2023,2023,6
Другое,Химия,145,Москва и МО,4934,Научный сотрудник,150000,180000,2023,2023,6
НИИ/Университет,Генная инженерия/Молбиол и др,168,Москва и МО,4933,Молекулярный биолог,80000,200000,2023,2023,6
НИИ/Университет,Фармакология,3,Санкт-Петербург,4932,Молекулярный биолог,80000,80000,2023,2023,6
Poc. компания 10-100,Ветеринария,169,Москва и МО,4931,Лаборант,40000,45000,2023,2023,6
НИИ/Университет,Медицина,167,Москва и МО,4930,Научный сотрудник,80000,130000,2023,2023,6
НИИ/Университет,Фармакология,3,Санкт-Петербург,4929,Молекулярный биолог,80000,80000,2023,2023,6
НИИ/Университет,Биоинформатика,21,Москва и МО,4928,Научный сотрудник,70000,70000,2023,2023,6
НИИ/Университет,Фармакология,3,Санкт-Петербург,4926,Менеджер по регистрации,70000,70000,2023,2023,6
НИИ/Университет,Фармакология,3,Санкт-Петербург,4925,Биотехнолог,90000,120000,2023,2023,6
НИИ/Университет,Медицина,44,Москва и МО,4924,Молекулярный биолог,64000,100000,2023,2023,6
НИИ/Университет,Медицина,44,Москва и МО,4923,Лаборант,64000,70000,2023,2023,6
НИИ/Университет,Медицина,44,Москва и МО,4922,Биоинформатик,150000,250000,2023,2023,6
НИИ/Университет,Генная инженерия/Молбиол и др,170,Москва и МО,4921,Научный сотрудник,120000,200000,2023,2023,6
Другое,Другое,65,Санкт-Петербург,4920,Биоинформатик,80000,130000,2023,2023,6
Poc. компания < 10/стартап,Медицина,131,Москва и МО,4919,Руководитель группы/отдела/лаборатории,100000,150000,2023,2023,6
Poc. компания < 10/стартап,Образование,71,Москва и МО,4916,Менеджер по продажам,60000,150000,2023,2023,6
НИИ/Университет,Медицина,159,Другие города,4914,Научный сотрудник,60000,70000,2023,2023,6
Другое,Другое,171,Москва и МО,4912,"Администратор, ассистент",100000,100000,2023,2023,6
НИИ/Университет,Медицина,19,Москва и МО,4909,Научный сотрудник,200000,250000,2023,2023,6
НИИ/Университет,Медицина,19,Москва и МО,4908,Научный сотрудник,200000,250000,2023,2023,6
НИИ/Университет,Медицина,19,Москва и МО,4907,Научный сотрудник,200000,250000,2023,2023,6
НИИ/Университет,Биоинформатика,21,Москва и МО,4906,Биоинформатик,120000,200000,2023,2023,6
Рос. компания > 100,Фармакология,32,Санкт-Петербург,4904,Научный сотрудник,90000,150000,2023,2023,6
Рос. компания > 100,Фармакология,32,Санкт-Петербург,4903,Научный сотрудник,50000,90000,2023,2023,6
Poc. компания < 10/стартап,Агрономия и пищевая промышленность,114,Москва и МО,4902,Научный сотрудник,50000,100000,2023,2023,6
Poc. компания < 10/стартап,Агрономия и пищевая промышленность,114,Москва и МО,4901,Лабораторный менеджер,60000,60000,2023,2023,6
Poc. компания 10-100,Медицина,172,Москва и МО,4899,Врач,60000,80000,2023,2023,6
НИИ/Университет,Медицина,173,Москва и МО,4898,Научный сотрудник,60000,100000,2023,2023,6
НИИ/Университет,Фармакология,3,Санкт-Петербург,4897,Лаборант,60000,60000,2023,2023,6
Клиническая лаборатория,Медицина,77,Москва и МО,4895,Менеджер по продажам,100000,150000,2023,2023,6
НИИ/Университет,Медицина,1,Москва и МО,4999,Научный сотрудник,80000,120000,2023,2023,7
НИИ/Университет,Медицина,139,Москва и МО,4990,Молекулярный биолог,65000,120000,2023,2023,7
Рос. компания > 100,Фармакология,54,Другие города,4980,Химик,90000,90000,2023,2023,7
Рос. компания > 100,Фармакология,54,Другие города,4978,Научный сотрудник,150000,180000,2023,2023,7
НИИ/Университет,Медицина,174,Москва и МО,5002,Научный сотрудник,80000,100000,2023,2023,7
НИИ/Университет,Медицина,125,Москва и МО,5001,Научный сотрудник,20000,20000,2023,2023,7
НИИ/Университет,Генная инженерия/Молбиол и др,62,Москва и МО,5000,Научный сотрудник,60000,90000,2023,2023,7
НИИ/Университет,Медицина,159,Другие города,4998,Научный сотрудник,65000,66000,2023,2023,7
Клиническая лаборатория,Медицина,77,Москва и МО,4996,Лаборант,75000,75000,2023,2023,7
НИИ/Университет,Медицина,105,Москва и МО,4995,Научный сотрудник,120000,120000,2023,2023,7
Рос. компания > 100,Фармакология,32,Санкт-Петербург,4994,Научный сотрудник,50000,90000,2023,2023,7
Рос. компания > 100,Фармакология,32,Санкт-Петербург,4993,Научный сотрудник,90000,150000,2023,2023,7
НИИ/Университет,Биоинформатика,78,Москва и МО,4991,Научный сотрудник,50000,80000,2023,2023,7
Poc. компания < 10/стартап,Образование,71,Москва и МО,4989,Менеджер по продажам,60000,100000,2023,2023,7
Poc. компания < 10/стартап,Ветеринария,175,Другие города,4988,Химик,40000,100000,2023,2023,7
НИИ/Университет,Медицина,31,Санкт-Петербург,4985,Научный сотрудник,80000,170000,2023,2023,7
Poc. компания < 10/стартап,Агрономия и пищевая промышленность,114,Москва и МО,4984,Научный сотрудник,50000,100000,2023,2023,7
НИИ/Университет,Медицина,60,Москва и МО,4983,Научный сотрудник,80000,80000,2023,2023,7
НИИ/Университет,Медицина,60,Москва и МО,4982,Лаборант,50000,55000,2023,2023,7
Poc. компания 10-100,Генная инженерия/Молбиол и др,176,Москва и МО,4981,Молекулярный биолог,100000,110000,2023,2023,7
Рос. компания > 100,Фармакология,54,Другие города,4979,Научный сотрудник,85000,140000,2023,2023,7
Рос. компания > 100,Фармакология,54,Москва и МО,4977,"Администратор, ассистент",110000,160000,2023,2023,7
НИИ/Университет,Генная инженерия/Молбиол и др,9,Москва и МО,4976,Лаборант,40000,60000,2023,2023,7
НИИ/Университет,Генная инженерия/Молбиол и др,9,Москва и МО,4975,Научный сотрудник,60000,80000,2023,2023,7
НИИ/Университет,Медицина,102,Москва и МО,4973,Научный сотрудник,70000,150000,2023,2023,7
Poc. компания 10-100,Фармакология,177,Москва и МО,4972,Менеджер по регистрации,100000,200000,2023,2023,7
Poc. компания 10-100,Фармакология,177,Москва и МО,4971,Менеджер по продажам,90000,150000,2023,2023,7
Poc. компания 10-100,Биотехнологии,58,Москва и МО,4970,Биотехнолог,100000,110000,2023,2023,7
НИИ/Университет,Биоинформатика,78,Москва и МО,4969,Научный сотрудник,100000,200000,2023,2023,7
НИИ/Университет,Медицина,139,Москва и МО,4967,Молекулярный биолог,65000,120000,2023,2023,7
Poc. компания 10-100,Ветеринария,13,Москва и МО,5013,"Администратор, ассистент",50000,70000,2023,2023,8
Poc. компания 10-100,Биотехнологии,58,Москва и МО,5068,Биотехнолог,100000,110000,2023,2023,8
НИИ/Университет,Медицина,178,Москва и МО,5066,Микробиолог,100000,150000,2023,2023,8
НИИ/Университет,Биоинформатика,78,Москва и МО,5065,Биоинформатик,100000,150000,2023,2023,8
НИИ/Университет,Медицина,102,Москва и МО,5063,Лаборант,50000,80000,2023,2023,8
НИИ/Университет,Медицина,102,Москва и МО,5062,Научный сотрудник,70000,120000,2023,2023,8
Poc. компания 10-100,Медицина,179,Москва и МО,5061,Менеджер по продажам,60000,120000,2023,2023,8
НИИ/Университет,Генная инженерия/Молбиол и др,81,Москва и МО,5060,Лабораторный менеджер,60000,80000,2023,2023,8
НИИ/Университет,Медицина,180,Москва и МО,5059,Лаборант,15000,30000,2023,2023,8
НИИ/Университет,Медицина,157,Москва и МО,5058,Молекулярный биолог,80000,130000,2023,2023,8
НИИ/Университет,Медицина,44,Москва и МО,5057,Научный сотрудник,95000,120000,2023,2023,8
НИИ/Университет,Биоинформатика,78,Москва и МО,5056,Научный сотрудник,50000,80000,2023,2023,8
Poc. компания < 10/стартап,Медицина,131,Москва и МО,5053,Руководитель группы/отдела/лаборатории,100000,150000,2023,2023,8
НИИ/Университет,Фармакология,3,Санкт-Петербург,5050,Молекулярный биолог,80000,80000,2023,2023,8
НИИ/Университет,Фармакология,3,Санкт-Петербург,5049,Аналитик данных,100000,100000,2023,2023,8
НИИ/Университет,Фармакология,3,Санкт-Петербург,5047,Биотехнолог,90000,100000,2023,2023,8
НИИ/Университет,Генная инженерия/Молбиол и др,181,Москва и МО,5046,Биоинформатик,50000,80000,2023,2023,8
Poc. компания 10-100,Биотехнологии,182,Москва и МО,5045,Биотехнолог,75000,95000,2023,2023,8
НИИ/Университет,Медицина,31,Санкт-Петербург,5043,Научный сотрудник,80000,170000,2023,2023,8
Рос. компания > 100,Фармакология,96,Москва и МО,5042,Биоинформатик,180000,320000,2023,2023,8
НИИ/Университет,Медицина,33,Москва и МО,5041,Научный сотрудник,80000,140000,2023,2023,8
Poc. компания 10-100,Биотехнологии,115,Москва и МО,5040,Лаборант,60000,80000,2023,2023,8
Poc. компания 10-100,Биотехнологии,115,Москва и МО,5039,Молекулярный биолог,70000,100000,2023,2023,8
Poc. компания 10-100,Биотехнологии,115,Москва и МО,5038,Лабораторный менеджер,60000,80000,2023,2023,8
Poc. компания 10-100,Биотехнологии,115,Москва и МО,5037,Научный сотрудник,70000,100000,2023,2023,8
Poc. компания 10-100,Биотехнологии,115,Москва и МО,5036,Молекулярный биолог,70000,100000,2023,2023,8
Poc. компания 10-100,Биотехнологии,115,Москва и МО,5035,Научный сотрудник,90000,110000,2023,2023,8
НИИ/Университет,Медицина,183,Москва и МО,5034,Научный сотрудник,70000,120000,2023,2023,8
Poc. компания < 10/стартап,Агрономия и пищевая промышленность,114,Москва и МО,5033,"Администратор, ассистент",100000,120000,2023,2023,8
Poc. компания < 10/стартап,Агрономия и пищевая промышленность,114,Москва и МО,5032,Научный сотрудник,50000,100000,2023,2023,8
Мед. учреждение,Медицина,184,Москва и МО,5031,Биоинформатик,50000,80000,2023,2023,8
НИИ/Университет,Генная инженерия/Молбиол и др,22,Москва и МО,5030,Молекулярный биолог,30000,50000,2023,2023,8
НИИ/Университет,Медицина,19,Москва и МО,5029,Научный сотрудник,40000,80000,2023,2023,8
Poc. компания 10-100,Химия,64,Москва и МО,5028,Менеджер по продажам,70000,130000,2023,2023,8
НИИ/Университет,Генная инженерия/Молбиол и др,66,Москва и МО,5026,Научный сотрудник,50000,100000,2023,2023,8
НИИ/Университет,Медицина,19,Москва и МО,5025,Научный сотрудник,130000,150000,2023,2023,8
НИИ/Университет,Генная инженерия/Молбиол и др,81,Москва и МО,5024,Менеджер по продажам,80000,120000,2023,2023,8
НИИ/Университет,Генная инженерия/Молбиол и др,81,Москва и МО,5023,Микробиолог,80000,200000,2023,2023,8
НИИ/Университет,Генная инженерия/Молбиол и др,81,Москва и МО,5022,Лаборант,60000,80000,2023,2023,8
НИИ/Университет,Генная инженерия/Молбиол и др,81,Москва и МО,5021,Научный сотрудник,150000,200000,2023,2023,8
НИИ/Университет,Генная инженерия/Молбиол и др,185,Москва и МО,5020,Научный сотрудник,80000,200000,2023,2023,8
НИИ/Университет,Медицина,102,Москва и МО,5019,"Администратор, ассистент",50000,70000,2023,2023,8
Клиническая лаборатория,Медицина,124,Москва и МО,5015,Биотехнолог,63000,75000,2023,2023,8
Клиническая лаборатория,Медицина,124,Москва и МО,5014,Биотехнолог,100000,120000,2023,2023,8
НИИ/Университет,Медицина,19,Москва и МО,5012,Научный сотрудник,200000,250000,2023,2023,8
НИИ/Университет,Медицина,19,Москва и МО,5011,Лабораторный менеджер,200000,250000,2023,2023,8
НИИ/Университет,Медицина,19,Москва и МО,5010,Научный сотрудник,200000,250000,2023,2023,8
Poc. компания < 10/стартап,Другое,126,Москва и МО,4180,IT,80000,200000,2023,2023,8
НИИ/Университет,Биотехнологии,73,Москва и МО,5009,Научный сотрудник,60000,90000,2023,2023,8
НИИ/Университет,Медицина,84,Москва и МО,5007,Научный сотрудник,80000,100000,2023,2023,8
Рос. компания > 100,Фармакология,32,Санкт-Петербург,5006,Биотехнолог,80000,180000,2023,2023,8
НИИ/Университет,Медицина,186,Москва и МО,5004,Научный сотрудник,25000,25000,2023,2023,8
НИИ/Университет,Биоинформатика,78,Москва и МО,5003,Научный сотрудник,60000,60000,2023,2023,8
Рос. компания > 100,Биотехнологии,129,Другие города,5136,Менеджер проектов/продукта,160000,300000,2023,2023,9
НИИ/Университет,Биотехнологии,187,Другие города,5115,Биотехнолог,90000,90000,2023,2023,9
Poc. компания 10-100,Медицина,179,Москва и МО,5095,Менеджер по продажам,60000,120000,2023,2023,9
НИИ/Университет,Медицина,178,Москва и МО,5146,Микробиолог,100000,150000,2023,2023,9
Рос. компания > 100,Фармакология,54,Другие города,5145,Руководитель группы/отдела/лаборатории,200000,230000,2023,2023,9
НИИ/Университет,Медицина,183,Москва и МО,5144,Научный сотрудник,70000,120000,2023,2023,9
Poc. компания < 10/стартап,Агрономия и пищевая промышленность,74,Москва и МО,5142,Биоинформатик,80000,120000,2023,2023,9
НИИ/Университет,Фармакология,188,Москва и МО,5139,Научный сотрудник,75000,150000,2023,2023,9
Рос. компания > 100,Биотехнологии,129,Другие города,5138,Менеджер проектов/продукта,140000,250000,2023,2023,9
Рос. компания > 100,Биотехнологии,129,Другие города,5137,Биотехнолог,140000,250000,2023,2023,9
НИИ/Университет,Биоинформатика,21,Москва и МО,5135,Научный сотрудник,90000,250000,2023,2023,9
Другое,Другое,65,Санкт-Петербург,5132,Биоинформатик,45000,55000,2023,2023,9
Другое,Другое,65,Санкт-Петербург,5131,Биоинформатик,80000,130000,2023,2023,9
НИИ/Университет,Другое,189,Санкт-Петербург,5130,Лаборант,50000,50000,2023,2023,9
Poc. компания 10-100,Ветеринария,13,Москва и МО,5128,"Администратор, ассистент",50000,70000,2023,2023,9
НИИ/Университет,Генная инженерия/Молбиол и др,81,Москва и МО,5127,Лабораторный менеджер,60000,80000,2023,2023,9
Другое,Другое,65,Санкт-Петербург,5125,Биотехнолог,65000,80000,2023,2023,9
Другое,Другое,65,Санкт-Петербург,5124,Биотехнолог,45000,60000,2023,2023,9
Рос. компания > 100,Биотехнологии,129,Другие города,5123,Менеджер проектов/продукта,140000,250000,2023,2023,9
Рос. компания > 100,Биотехнологии,129,Другие города,5122,Биотехнолог,140000,250000,2023,2023,9
Рос. компания > 100,Биотехнологии,129,Другие города,5121,Менеджер проектов/продукта,160000,300000,2023,2023,9
НИИ/Университет,Генная инженерия/Молбиол и др,62,Москва и МО,5119,Научный сотрудник,60000,90000,2023,2023,9
Другое,Генная инженерия/Молбиол и др,NA,Москва и МО,5118,Молекулярный биолог,50000,90000,2023,2023,9
НИИ/Университет,Биотехнологии,NA,Москва и МО,5117,Лаборант,65000,65000,2023,2023,9
НИИ/Университет,Фармакология,3,Санкт-Петербург,5116,Биотехнолог,90000,100000,2023,2023,9
НИИ/Университет,Медицина,190,Москва и МО,5114,Лабораторный менеджер,60000,80000,2023,2023,9
НИИ/Университет,Медицина,113,Москва и МО,5112,Научный сотрудник,65000,90000,2023,2023,9
НИИ/Университет,Медицина,113,Москва и МО,5110,Врач,65000,90000,2023,2023,9
НИИ/Университет,Фармакология,3,Санкт-Петербург,5109,Аналитик данных,100000,100000,2023,2023,9
НИИ/Университет,Медицина,31,Санкт-Петербург,5108,Научный сотрудник,80000,170000,2023,2023,9
Poc. компания < 10/стартап,Агрономия и пищевая промышленность,114,Москва и МО,5106,Научный сотрудник,50000,100000,2023,2023,9
Poc. компания < 10/стартап,Агрономия и пищевая промышленность,114,Москва и МО,5105,"Администратор, ассистент",100000,120000,2023,2023,9
Poc. компания 10-100,Биотехнологии,115,Москва и МО,5104,Научный сотрудник,90000,110000,2023,2023,9
Poc. компания 10-100,Биотехнологии,115,Москва и МО,5103,Молекулярный биолог,70000,100000,2023,2023,9
Poc. компания 10-100,Биотехнологии,115,Москва и МО,5102,Научный сотрудник,70000,100000,2023,2023,9
Poc. компания 10-100,Биотехнологии,115,Москва и МО,5101,Лабораторный менеджер,60000,80000,2023,2023,9
Poc. компания 10-100,Биотехнологии,115,Москва и МО,5100,Молекулярный биолог,70000,100000,2023,2023,9
Poc. компания 10-100,Биотехнологии,115,Москва и МО,5099,Лаборант,60000,80000,2023,2023,9
Другое,Биотехнологии,171,Москва и МО,5098,Биотехнолог,200000,250000,2023,2023,9
Другое,Биотехнологии,171,Москва и МО,5096,Микробиолог,100000,150000,2023,2023,9
Рос. компания > 100,Фармакология,32,Санкт-Петербург,5094,Научный сотрудник,40000,90000,2023,2023,9
Рос. компания > 100,Фармакология,32,Санкт-Петербург,5093,Научный сотрудник,50000,90000,2023,2023,9
Poc. компания < 10/стартап,Генная инженерия/Молбиол и др,191,Москва и МО,5092,Научный сотрудник,50000,100000,2023,2023,9
НИИ/Университет,Агрономия и пищевая промышленность,192,Москва и МО,5091,Химик,90000,180000,2023,2023,9
НИИ/Университет,Генная инженерия/Молбиол и др,193,Москва и МО,5090,"Администратор, ассистент",30000,70000,2023,2023,9
НИИ/Университет,Генная инженерия/Молбиол и др,193,Москва и МО,5089,Научный сотрудник,70000,120000,2023,2023,9
НИИ/Университет,Фармакология,3,Санкт-Петербург,5088,Химик,75000,85000,2023,2023,9
Другое,Другое,NA,Москва и МО,5086,IT,80000,130000,2023,2023,9
Poc. компания 10-100,Фармакология,194,Москва и МО,5084,Менеджер по продажам,100000,200000,2023,2023,9
Poc. компания 10-100,Медицина,195,Москва и МО,5083,Менеджер по продажам,100000,250000,2023,2023,9
Мед. учреждение,Медицина,2,Москва и МО,5082,Научный сотрудник,80000,120000,2023,2023,9
Другое,Другое,196,Москва и МО,5080,Биоинформатик,100000,200000,2023,2023,9
НИИ/Университет,Фармакология,188,Москва и МО,5079,Научный сотрудник,75000,150000,2023,2023,9
Клиническая лаборатория,Медицина,165,Москва и МО,5077,Биоинформатик,110000,110000,2023,2023,9
Другое,Биотехнологии,NA,Москва и МО,5072,Биотехнолог,200000,300000,2023,2023,9
Другое,Химия,NA,Москва и МО,5071,Химик,200000,300000,2023,2023,9
НИИ/Университет,Медицина,33,Москва и МО,5070,Научный сотрудник,80000,140000,2023,2023,9
Рос. компания > 100,Фармакология,54,Другие города,5196,Руководитель группы/отдела/лаборатории,200000,230000,2023,2023,10
НИИ/Университет,Медицина,1,Москва и МО,5192,Научный сотрудник,90000,150000,2023,2023,10
НИИ/Университет,Медицина,188,Москва и МО,5204,Научный сотрудник,75000,150000,2023,2023,10
Мед. учреждение,Медицина,2,Москва и МО,5195,Научный сотрудник,60000,150000,2023,2023,10
НИИ/Университет,Фармакология,3,Санкт-Петербург,5194,Аналитик данных,100000,100000,2023,2023,10
НИИ/Университет,Фармакология,3,Санкт-Петербург,5193,Биотехнолог,90000,100000,2023,2023,10
Poc. компания 10-100,Генная инженерия/Молбиол и др,197,Москва и МО,5191,Научный сотрудник,60000,80000,2023,2023,10
НИИ/Университет,Генная инженерия/Молбиол и др,193,Москва и МО,5190,"Администратор, ассистент",30000,70000,2023,2023,10
НИИ/Университет,Медицина,19,Москва и МО,5189,Научный сотрудник,90000,90000,2023,2023,10
Рос. компания > 100,Фармакология,198,Москва и МО,5188,Научный сотрудник,50000,150000,2023,2023,10
НИИ/Университет,Медицина,199,Москва и МО,5187,Научный сотрудник,100000,150000,2023,2023,10
НИИ/Университет,Медицина,125,Москва и МО,5185,Научный сотрудник,20000,20000,2023,2023,10
Poc. компания 10-100,Генная инженерия/Молбиол и др,200,Москва и МО,5184,Микробиолог,50000,100000,2023,2023,10
Poc. компания 10-100,Генная инженерия/Молбиол и др,200,Москва и МО,5183,Биотехнолог,50000,100000,2023,2023,10
Poc. компания < 10/стартап,Агрономия и пищевая промышленность,114,Москва и МО,5181,"Администратор, ассистент",100000,120000,2023,2023,10
Poc. компания < 10/стартап,Агрономия и пищевая промышленность,114,Москва и МО,5180,Научный сотрудник,50000,100000,2023,2023,10
Poc. компания 10-100,Биотехнологии,115,Москва и МО,5179,Лаборант,60000,80000,2023,2023,10
Poc. компания 10-100,Биотехнологии,115,Москва и МО,5178,Молекулярный биолог,70000,100000,2023,2023,10
Poc. компания 10-100,Биотехнологии,115,Москва и МО,5177,Лабораторный менеджер,60000,80000,2023,2023,10
Poc. компания 10-100,Биотехнологии,115,Москва и МО,5176,Научный сотрудник,70000,100000,2023,2023,10
Poc. компания 10-100,Биотехнологии,115,Москва и МО,5175,Молекулярный биолог,70000,100000,2023,2023,10
Poc. компания 10-100,Биотехнологии,115,Москва и МО,5174,Научный сотрудник,90000,110000,2023,2023,10
НИИ/Университет,Фармакология,188,Москва и МО,5173,Научный сотрудник,75000,150000,2023,2023,10
НИИ/Университет,Биоинформатика,78,Москва и МО,5172,Молекулярный биолог,60000,140000,2023,2023,10
Poc. компания 10-100,Генная инженерия/Молбиол и др,200,Москва и МО,5171,Биотехнолог,120000,180000,2023,2023,10
НИИ/Университет,Биоинформатика,78,Москва и МО,5169,Научный сотрудник,50000,80000,2023,2023,10
Рос. компания > 100,Фармакология,198,Москва и МО,5168,Лаборант,65000,65000,2023,2023,10
НИИ/Университет,Биоинформатика,201,Другие города,5167,Биоинформатик,70000,130000,2023,2023,10
НИИ/Университет,Генная инженерия/Молбиол и др,81,Москва и МО,5166,Научный сотрудник,150000,200000,2023,2023,10
Рос. компания > 100,Фармакология,54,Другие города,5165,Руководитель группы/отдела/лаборатории,200000,230000,2023,2023,10
Другое,Другое,65,Санкт-Петербург,5164,Биотехнолог,40000,60000,2023,2023,10
Poc. компания 10-100,Фармакология,202,Москва и МО,5163,Химик,80000,100000,2023,2023,10
Poc. компания 10-100,Фармакология,202,Москва и МО,5162,Химик,80000,100000,2023,2023,10
НИИ/Университет,Медицина,159,Другие города,5160,Научный сотрудник,65000,70000,2023,2023,10
НИИ/Университет,Биотехнологии,73,Москва и МО,5159,Научный сотрудник,60000,90000,2023,2023,10
НИИ/Университет,Медицина,19,Москва и МО,5158,Лаборант,60000,80000,2023,2023,10
Рос. компания > 100,Фармакология,32,Москва и МО,5155,Менеджер проектов/продукта,200000,230000,2023,2023,10
Рос. компания > 100,Фармакология,54,Другие города,5154,Молекулярный биолог,90000,90000,2023,2023,10
НИИ/Университет,Медицина,44,Москва и МО,5152,Лаборант,70000,130000,2023,2023,10
НИИ/Университет,Фармакология,188,Москва и МО,5151,Научный сотрудник,75000,150000,2023,2023,10
НИИ/Университет,Медицина,44,Москва и МО,5150,Научный сотрудник,100000,150000,2023,2023,10
НИИ/Университет,Медицина,44,Москва и МО,5149,Научный сотрудник,110000,130000,2023,2023,10
Рос. компания > 100,Фармакология,54,Другие города,5237,Молекулярный биолог,100000,100000,2023,2023,11
Poc. компания < 10/стартап,Образование,203,Москва и МО,5234,"Администратор, ассистент",80000,100000,2023,2023,11
Клиническая лаборатория,Медицина,77,Москва и МО,5212,Лаборант,75000,75000,2023,2023,11
Poc. компания 10-100,Генная инженерия/Молбиол и др,204,Москва и МО,5242,Менеджер по продажам,100000,200000,2023,2023,11
НИИ/Университет,Фармакология,205,Санкт-Петербург,5241,"Администратор, ассистент",68000,72000,2023,2023,11
НИИ/Университет,Генная инженерия/Молбиол и др,193,Москва и МО,5239,"Администратор, ассистент",30000,85000,2023,2023,11
Мед. учреждение,Медицина,206,Москва и МО,5238,Микробиолог,70000,150000,2023,2023,11
Рос. компания > 100,Фармакология,32,Санкт-Петербург,5236,Научный сотрудник,50000,90000,2023,2023,11
Рос. компания > 100,Фармакология,32,Санкт-Петербург,5235,Научный сотрудник,40000,90000,2023,2023,11
НИИ/Университет,Медицина,60,Москва и МО,5233,Научный сотрудник,50000,50000,2023,2023,11
НИИ/Университет,Медицина,60,Москва и МО,5232,Лаборант,50000,50000,2023,2023,11
НИИ/Университет,Медицина,60,Москва и МО,5231,Научный сотрудник,50000,50000,2023,2023,11
НИИ/Университет,Медицина,60,Москва и МО,5230,Лаборант,50000,50000,2023,2023,11
НИИ/Университет,Медицина,60,Москва и МО,5229,Научный сотрудник,100000,100000,2023,2023,11
НИИ/Университет,Медицина,60,Москва и МО,5228,Лаборант,50000,55000,2023,2023,11
Poc. компания < 10/стартап,Агрономия и пищевая промышленность,74,Москва и МО,5226,IT,100000,150000,2023,2023,11
Poc. компания < 10/стартап,Агрономия и пищевая промышленность,74,Москва и МО,5222,Биоинформатик,80000,120000,2023,2023,11
НИИ/Университет,Медицина,125,Москва и МО,5220,Научный сотрудник,20000,20000,2023,2023,11
НИИ/Университет,Медицина,82,Москва и МО,5219,Научный сотрудник,50000,90000,2023,2023,11
НИИ/Университет,Медицина,207,Москва и МО,5218,Лаборант,65000,90000,2023,2023,11
НИИ/Университет,Медицина,44,Москва и МО,5216,Научный сотрудник,100000,150000,2023,2023,11
НИИ/Университет,Медицина,188,Москва и МО,5215,Научный сотрудник,75000,150000,2023,2023,11
НИИ/Университет,Биоинформатика,208,Москва и МО,5213,Биоинформатик,300000,400000,2023,2023,11
НИИ/Университет,Медицина,209,Москва и МО,5210,Молекулярный биолог,60000,120000,2023,2023,11
НИИ/Университет,Медицина,19,Москва и МО,5209,Лаборант,60000,80000,2023,2023,11
НИИ/Университет,Генная инженерия/Молбиол и др,62,Москва и МО,5208,Научный сотрудник,90000,120000,2023,2023,11
Другое,Медицина,57,Другие города,5205,Менеджер по регистрации,100000,110000,2023,2023,11
Poc. компания < 10/стартап,Образование,203,Москва и МО,5272,"Администратор, ассистент",30000,50000,2023,2023,12
НИИ/Университет,Генная инженерия/Молбиол и др,187,Другие города,5263,Биотехнолог,90000,90000,2023,2023,12
Клиническая лаборатория,Медицина,210,Другие города,5244,Молекулярный биолог,80000,120000,2023,2023,12
НИИ/Университет,Биоинформатика,211,Москва и МО,5270,Биоинформатик,100000,200000,2023,2023,12
НИИ/Университет,Медицина,212,Москва и МО,5268,Биотехнолог,50000,80000,2023,2023,12
НИИ/Университет,Генная инженерия/Молбиол и др,72,Москва и МО,5266,Научный сотрудник,100000,200000,2023,2023,12
НИИ/Университет,Медицина,31,Санкт-Петербург,5265,Научный сотрудник,50000,150000,2023,2023,12
НИИ/Университет,Медицина,44,Москва и МО,5262,Научный сотрудник,100000,130000,2023,2023,12
Рос. компания > 100,Фармакология,54,Другие города,5260,Аналитик данных,150000,220000,2023,2023,12
Рос. компания > 100,Фармакология,54,Другие города,5259,Биотехнолог,85000,110000,2023,2023,12
НИИ/Университет,Фармакология,3,Санкт-Петербург,5255,Химик,70000,100000,2023,2023,12
НИИ/Университет,Фармакология,3,Санкт-Петербург,5254,Биотехнолог,70000,120000,2023,2023,12
НИИ/Университет,Медицина,44,Москва и МО,5253,Научный сотрудник,100000,150000,2023,2023,12
НИИ/Университет,Медицина,44,Москва и МО,5252,Научный сотрудник,90000,140000,2023,2023,12
НИИ/Университет,Медицина,188,Москва и МО,5251,Научный сотрудник,75000,150000,2023,2023,12
НИИ/Университет,Медицина,44,Москва и МО,5250,Биотехнолог,80000,110000,2023,2023,12
Рос. компания > 100,Фармакология,213,Другие города,5249,Научный сотрудник,70000,120000,2023,2023,12
Рос. компания > 100,Фармакология,213,Другие города,5248,Научный сотрудник,80000,150000,2023,2023,12
Рос. компания > 100,Фармакология,213,Другие города,5247,Руководитель группы/отдела/лаборатории,80000,150000,2023,2023,12
НИИ/Университет,Фармакология,3,Санкт-Петербург,5245,Научный сотрудник,100000,100000,2023,2023,12
НИИ/Университет,Медицина,44,Москва и МО,5243,Лаборант,80000,100000,2023,2023,12
Poc. компания < 10/стартап,Агрономия и пищевая промышленность,74,Москва и МО,5323,Биоинформатик,80000,120000,2023,2024,1
НИИ/Университет,Медицина,84,Москва и МО,5322,Научный сотрудник,150000,250000,2023,2024,1
Клиническая лаборатория,Медицина,214,Москва и МО,5321,Химик,120000,150000,2023,2024,1
НИИ/Университет,Медицина,1,Москва и МО,5320,Научный сотрудник,70000,90000,2023,2024,1
НИИ/Университет,Медицина,44,Москва и МО,5318,Лаборант,90000,120000,2023,2024,1
Poc. компания 10-100,Медицина,215,Москва и МО,5317,Менеджер по продажам,80000,120000,2023,2024,1
НИИ/Университет,Медицина,135,Москва и МО,5316,Биоинформатик,150000,200000,2023,2024,1
Клиническая лаборатория,Медицина,53,Москва и МО,5313,Химик,100000,150000,2023,2024,1
Клиническая лаборатория,Медицина,53,Москва и МО,5312,Менеджер по регистрации,80000,120000,2023,2024,1
НИИ/Университет,Медицина,135,Москва и МО,5311,Молекулярный биолог,100000,130000,2023,2024,1
Рос. компания > 100,Медицина,8,Москва и МО,5310,Менеджер проектов/продукта,60000,100000,2023,2024,1
НИИ/Университет,Медицина,135,Москва и МО,5309,IT,200000,250000,2023,2024,1
НИИ/Университет,Генная инженерия/Молбиол и др,216,Москва и МО,5303,Биотехнолог,70000,300000,2023,2024,1
НИИ/Университет,Медицина,82,Москва и МО,5302,Молекулярный биолог,50000,90000,2023,2024,1
НИИ/Университет,Медицина,44,Москва и МО,5301,Лаборант,90000,120000,2023,2024,1
НИИ/Университет,Медицина,44,Москва и МО,5300,Лаборант,80000,100000,2023,2024,1
НИИ/Университет,Медицина,44,Москва и МО,5299,Научный сотрудник,90000,140000,2023,2024,1
НИИ/Университет,Медицина,44,Москва и МО,5298,Научный сотрудник,100000,150000,2023,2024,1
Рос. компания > 100,Медицина,8,Москва и МО,5293,Научный сотрудник,100000,150000,2023,2024,1
НИИ/Университет,Медицина,113,Москва и МО,5291,Биоинформатик,65000,90000,2023,2024,1
НИИ/Университет,Генная инженерия/Молбиол и др,62,Москва и МО,5289,Молекулярный биолог,70000,90000,2023,2024,1
НИИ/Университет,Фармакология,3,Санкт-Петербург,5288,Биотехнолог,70000,120000,2023,2024,1
НИИ/Университет,Фармакология,3,Санкт-Петербург,5287,Химик,70000,100000,2023,2024,1
НИИ/Университет,Фармакология,3,Санкт-Петербург,5286,Биотехнолог,100000,200000,2023,2024,1
Poc. компания 10-100,Медицина,217,Москва и МО,5285,Биотехнолог,100000,150000,2023,2024,1
НИИ/Университет,Медицина,188,Москва и МО,5280,Научный сотрудник,75000,150000,2023,2024,1
НИИ/Университет,Медицина,207,Москва и МО,5279,Лаборант,65000,90000,2023,2024,1
Рос. компания > 100,Фармакология,213,Другие города,5278,Научный сотрудник,70000,120000,2023,2024,1
НИИ/Университет,Генная инженерия/Молбиол и др,62,Москва и МО,5277,Научный сотрудник,90000,120000,2023,2024,1
Poc. компания < 10/стартап,Генная инженерия/Молбиол и др,126,Москва и МО,5373,Менеджер проектов/продукта,120000,160000,2023,2024,2
НИИ/Университет,Генная инженерия/Молбиол и др,118,Москва и МО,5326,Научный сотрудник,70000,90000,2023,2024,2
НИИ/Университет,Биотехнологии,73,Москва и МО,5378,Научный сотрудник,70000,100000,2023,2024,2
НИИ/Университет,Медицина,31,Санкт-Петербург,5375,Научный сотрудник,50000,150000,2023,2024,2
НИИ/Университет,Медицина,31,Санкт-Петербург,5374,Научный сотрудник,80000,170000,2023,2024,2
Poc. компания 10-100,Биотехнологии,58,Москва и МО,5372,Молекулярный биолог,80000,90000,2023,2024,2
Poc. компания 10-100,Биотехнологии,138,Москва и МО,5371,Молекулярный биолог,70000,80000,2023,2024,2
Poc. компания 10-100,Медицина,218,Москва и МО,5370,Лаборант,50000,90000,2023,2024,2
НИИ/Университет,Медицина,84,Москва и МО,5369,Лаборант,60000,80000,2023,2024,2
НИИ/Университет,Медицина,84,Москва и МО,5368,Лаборант,80000,120000,2023,2024,2
НИИ/Университет,Генная инженерия/Молбиол и др,NA,Москва и МО,5367,Научный сотрудник,70000,100000,2023,2024,2
НИИ/Университет,Биоинформатика,20,Москва и МО,5366,Биоинформатик,110000,150000,2023,2024,2
НИИ/Университет,Генная инженерия/Молбиол и др,81,Москва и МО,5364,Биоинформатик,70000,100000,2023,2024,2
НИИ/Университет,Медицина,157,Москва и МО,5363,Научный сотрудник,75000,150000,2023,2024,2
Клиническая лаборатория,Медицина,165,Москва и МО,5361,Биоинформатик,100000,200000,2023,2024,2
НИИ/Университет,Биоинформатика,211,Москва и МО,5360,Научный сотрудник,150000,300000,2023,2024,2
Рос. компания > 100,Агрономия и пищевая промышленность,219,Москва и МО,5359,Биотехнолог,80000,200000,2023,2024,2
НИИ/Университет,Биоинформатика,211,Москва и МО,5358,Биоинформатик,150000,300000,2023,2024,2
Poc. компания 10-100,Биотехнологии,220,Москва и МО,5357,Менеджер проектов/продукта,80000,80000,2023,2024,2
НИИ/Университет,Медицина,44,Москва и МО,5356,Научный сотрудник,90000,140000,2023,2024,2
НИИ/Университет,Медицина,44,Москва и МО,5355,Лаборант,80000,100000,2023,2024,2
НИИ/Университет,Медицина,1,Москва и МО,5354,Лаборант,60000,120000,2023,2024,2
Poc. компания 10-100,Биотехнологии,58,Москва и МО,5353,Научный сотрудник,100000,110000,2023,2024,2
Другое,Химия,221,Москва и МО,5352,Биотехнолог,100000,200000,2023,2024,2
Poc. компания 10-100,Химия,222,Москва и МО,5351,Химик,120000,250000,2023,2024,2
Клиническая лаборатория,Медицина,210,Другие города,5350,Научный сотрудник,40000,50000,2023,2024,2
Клиническая лаборатория,Медицина,210,Другие города,5349,Научный сотрудник,40000,50000,2023,2024,2
Рос. компания > 100,Агрономия и пищевая промышленность,223,Москва и МО,5348,Биотехнолог,200000,250000,2023,2024,2
Poc. компания 10-100,Химия,64,Москва и МО,5347,Менеджер по продажам,70000,150000,2023,2024,2
Мед. учреждение,Медицина,2,Москва и МО,5342,Научный сотрудник,100000,150000,2023,2024,2
НИИ/Университет,Генная инженерия/Молбиол и др,81,Москва и МО,5341,Научный сотрудник,150000,200000,2023,2024,2
НИИ/Университет,Генная инженерия/Молбиол и др,62,Москва и МО,5340,Научный сотрудник,90000,120000,2023,2024,2
Мед. учреждение,Медицина,2,Москва и МО,5339,Научный сотрудник,80000,80000,2023,2024,2
НИИ/Университет,Медицина,102,Москва и МО,5337,Научный сотрудник,40000,80000,2023,2024,2
Другое,Другое,NA,Москва и МО,5336,"Администратор, ассистент",90000,150000,2023,2024,2
НИИ/Университет,Медицина,86,Москва и МО,5335,Лаборант,45000,50000,2023,2024,2
НИИ/Университет,Биоинформатика,224,Москва и МО,5334,Аналитик данных,80000,140000,2023,2024,2
НИИ/Университет,Медицина,173,Москва и МО,5333,Биоинформатик,80000,110000,2023,2024,2
НИИ/Университет,Медицина,173,Москва и МО,5332,Молекулярный биолог,69000,100000,2023,2024,2
НИИ/Университет,Медицина,86,Москва и МО,5331,Химик,90000,90000,2023,2024,2
Poc. компания < 10/стартап,Генная инженерия/Молбиол и др,225,Москва и МО,5330,Молекулярный биолог,130000,170000,2023,2024,2
Poc. компания 10-100,Биотехнологии,58,Москва и МО,5329,Менеджер проектов/продукта,100000,150000,2023,2024,2
Другое,Медицина,NA,Москва и МО,5328,Менеджер по регистрации,80000,120000,2023,2024,2
НИИ/Университет,Генная инженерия/Молбиол и др,118,Москва и МО,5327,Научный сотрудник,30000,50000,2023,2024,2
